Name,Origin
Aafjes,Dutch
Aaij,Dutch
Aakster,Dutch
Aaldenberg,Dutch
Aalders,Dutch
Aalfs,Dutch
Aalmers,Dutch
Aaltink,Dutch
Aalto,Finnish
Aarden,Dutch
Aarens,Dutch
Aarle,Dutch
Aaron,"English,Jewish"
Aarse,Dutch
Aarts,Dutch
Aartsen,Dutch
Aartsma,Frisian
Abadjiev,Bulgarian
Abano,Italian
Abarca,Spanish
Abaroa,Basque
Abascal,Spanish
Abasolo,Basque
Abatangelo,Italian
Abatantuono,Italian
Abate,Italian
Abategiovanni,Italian
Abatescianni,Italian
Abbadelli,Italian
Abbandonato,Italian
Abbascia,Italian
Abbatangelo,Italian
Abbatantuono,Italian
Abbate,Italian
Abbatelli,Italian
Abbaticchio,Italian
Abbes,Dutch
Abbey,English
Abbiati,Italian
Abbing,Dutch
Abbingh,Dutch
Abbink,Dutch
Abbott,English
Abbà,Italian
Abdullah,Arabic
Abdulrashid,Arabic
Abe,Japanese
Abel,"Danish,English,French,German,Spanish"
Abelen,Dutch
Abelli,Italian
Abelló,Catalan
Abeln,German
Abels,Dutch
Aben,Dutch
Abiodun,"Western,Yoruba"
Abney,English
Abraham,"Dutch,English,French,German,Jewish,Spanish"
Abrahams,"Dutch,English,Jewish"
Abrahamsen,"Danish,Norwegian"
Abrahamson,"English,Jewish"
Abrahamsson,Swedish
Abram,English
Abrami,Italian
Abramo,Italian
Abrams,"English,Jewish"
Abramsen,Norwegian
Abramson,English
Abramsson,Swedish
Abreu,"Galician,Portuguese"
Abspoel,Dutch
Abt,German
Acardi,Italian
Accardi,Italian
Accardo,Italian
Acciai,Italian
Acciaio,Italian
Acciaioli,Italian
Acconci,Italian
Acconcio,Italian
Accorsi,Italian
Accorso,Italian
Accursio,Italian
Acerbi,Italian
Acheson,Scots
Achilles,German
Achterberg,"Dutch,German"
Achterkamp,Dutch
Achterop,Dutch
Achthoven,Dutch
Acker,"English,German"
Ackerman,English
Ackermann,German
Acone,Italian
Acosta,Spanish
Acqua,Italian
Acquafredda,Italian
Acquarone,Italian
Acquati,Italian
Adair,English
Adam,"English,French,German,Jewish,Polish,Romanian"
Adamczak,Polish
Adamczyk,Polish
Adami,Italian
Adamić,Croatian
Adamo,Italian
Adamoli,Italian
Adams,"English,Jewish"
Adamsen,"Danish,Norwegian"
Adamson,English
Adamsson,Swedish
Adamík,Czech
Adcock,English
Addario,Italian
Addens,Dutch
Addicks,Dutch
Addison,English
Adebayo,"Western,Yoruba"
Adelardi,Italian
Adema,Frisian
Adenauer,German
Adesso,Italian
Adimari,Italian
Adkins,English
Adler,"German,Jewish"
Admiraal,Dutch
Adolfs,Dutch
Adolfsson,Swedish
Adolvsson,Swedish
Adriaans,Dutch
Adriaansen,Dutch
Adriatico,Italian
Adrichem,Dutch
Aerssens,Dutch
Affini,Italian
Afolabi,"Western,Yoruba"
Afolayan,"Western,Yoruba"
Africani,Italian
Africano,Italian
Agani,Italian
Agema,Frisian
Aggio,Italian
Agli,Italian
Agnarsson,Icelandic
Agnelli,Italian
Agnellini,Italian
Agnusdei,Italian
Agosti,Italian
Agostini,Italian
Agramunt,Catalan
Agresta,Italian
Agricola,Italian
Agthoven,Dutch
Agua,Spanish
Aguado,Spanish
Agócs,Hungarian
Ahearn,Irish
Ahearne,Irish
Ahlberg,Swedish
Ahlers,Low
Ahlgren,Swedish
Ahlström,Swedish
Ahmad,"Arabic,Urdu"
Ahmed,"Arabic,Urdu"
Aiello,Italian
Aikema,Frisian
Aiken,English
Ainsley,Scots
Ainsworth,English
Aiolfi,Italian
Airaldi,Italian
Airò,Italian
Aita,Italian
Aitken,"English,Scots"
Aiza,"Basque,Spanish"
Ajam,Arabic
Ajello,Italian
Akerman,English
Akers,English
Akiyama,Japanese
Akker,Dutch
Akkerman,Dutch
Akkermans,Dutch
Akkersdijk,Dutch
Akselsen,"Danish,Norwegian"
Aksoy,Turkish
Alagona,Italian
Alamanni,Italian
Alamilla,Spanish
Alan,"English,Scottish"
Albanesi,Italian
Albani,Italian
Albano,Italian
Alberda,Dutch
Alberdingk,Dutch
Alberghi,Italian
Alberghini,Italian
Alberici,Italian
Alberighi,Italian
Alberink,Dutch
Albero,Italian
Albers,Dutch
Albert,"Catalan,English,French,German,Hungarian,Romanian"
Alberts,"Dutch,English"
Albertsen,"Danish,Norwegian"
Albertson,English
Albertsson,"Icelandic,Swedish"
Albescu,Romanian
Albini,Italian
Albinson,"English,Swedish"
Albinsson,Swedish
Albrecht,German
Albrechtsson,Swedish
Albrecktsson,Swedish
Albrektson,Swedish
Albrektsson,Swedish
Albricci,Italian
Albrici,Italian
Albring,Dutch
Albronda,Dutch
Albu,Romanian
Albuquerque,Portuguese
Aldana,Basque
Aldebrandi,Italian
Alden,English
Aldenberg,Dutch
Aldenkamp,Dutch
Alderisi,Italian
Alderliesten,Dutch
Alders,Dutch
Aldershof,Dutch
Alduino,Italian
Aleksandrov,"Bulgarian,Russian"
Alekseev,Russian
Alemagna,Italian
Aleppo,Italian
Alesci,Italian
Alescio,Italian
Aleshire,German
Alesi,Italian
Alesini,Italian
Alesio,Italian
Alessandri,Italian
Alessi,Italian
Alexander,English
Alexandersen,"Danish,Norwegian"
Alexanderson,Swedish
Alexandersson,Swedish
Alexandrescu,Romanian
Alfaro,Spanish
Alfarsi,Arabic
Alferink,Dutch
Alfero,Italian
Alfons,Dutch
Alfredson,English
Alfredsson,Swedish
Alfson,Swedish
Alfsson,Swedish
Alger,English
Ali,Arabic
Aliberti,Italian
Alinari,Italian
Alinejad,Persian
Aling,Dutch
Alink,Dutch
Aliprandi,Italian
Alkema,Frisian
Allan,"English,Scottish"
Allard,"English,French"
Allaway,Scottish
Allegri,Italian
Allegro,Italian
Allen,"English,Scottish"
Alles,Dutch
Allsopp,English
Alma,Frisian
Almeida,Portuguese
Almstedt,Swedish
Almássy,Hungarian
Aloi,Italian
Aloia,Italian
Aloisi,Italian
Alscher,German
Alserda,Frisian
Altamura,Italian
Altena,Dutch
Althaus,German
Althuis,Dutch
Altimari,Italian
Alting,Dutch
Altink,Dutch
Altoviti,Italian
Alunni,Italian
Alvarado,Spanish
Alvarsson,Swedish
Alves,Portuguese
Alvey,English
Alvin,English
Alò,Italian
Amadei,Italian
Amador,Spanish
Amadori,Italian
Amalberti,Italian
Amantea,Italian
Amato,Italian
Amatore,Italian
Ambrogi,Italian
Ambrosi,Italian
Amerighi,Italian
Amjad,Arabic
Amoretto,Italian
Amos,Jewish
Amsel,"German,Jewish"
Amsing,Dutch
Amundsen,Norwegian
Ananias,Dutch
Andela,Dutch
Andersen,"Danish,Norwegian"
Anderson,English
Andersson,Swedish
Andonov,Bulgarian
Andreas,"German,Greek"
Andreasen,Danish
Andreasson,Swedish
Andreev,"Bulgarian,Russian"
Andres,German
Andreu,Catalan
Andrews,English
Andrewson,English
Andries,Dutch
Andriessen,Dutch
Andringa,Dutch
Andrysiak,Polish
André,French
Andréasson,Swedish
Andrés,Spanish
Anema,Frisian
Angelov,"Bulgarian,Macedonian"
Angenent,Dutch
Anghelescu,Romanian
Angioli,Italian
Anholts,Dutch
Anjema,Frisian
Anker,"Danish,Dutch,Norwegian"
Annema,Frisian
Annevelink,Dutch
Ansaldi,Italian
Ansel,English
Anselmetti,Italian
Anselmi,Italian
Anson,English
Antal,Hungarian
Antall,Hungarian
Antema,Frisian
Anthonsen,"Danish,Norwegian"
Anthonyson,English
Antić,"Croatian,Serbian"
Antonelli,Italian
Antonescu,Romanian
Antonini,Italian
Antonino,Italian
Antoniou,Greek
Antonis,"Dutch,Greek"
Antonise,Dutch
Antonisen,Danish
Antonov,"Bulgarian,Russian,Ukrainian"
Antonsen,"Danish,Norwegian"
Antov,Bulgarian
Antuma,Frisian
Antúnez,Spanish
Apeldoorn,Dutch
Apostolov,Bulgarian
Appeldoorn,Dutch
Appelhof,Dutch
Appelo,Dutch
Apperlo,Dutch
Appleby,English
Appleton,English
Apted,English
Aquila,Italian
Aquino,"Italian,Spanish"
Arany,Hungarian
Arap,Turkish
Araujo,Spanish
Araullo,Filipino
Araya,Spanish
Araújo,Portuguese
Arbeid,Dutch
Arbeider,Dutch
Arbeit,German
Arbore,Italian
Arce,Spanish
Archambault,French
Archer,English
Ardelean,Romanian
Ardiccioni,Italian
Ardizzone,Italian
Ardovini,Italian
Arechavaleta,Spanish
Arena,Italian
Arenas,Spanish
Arendonk,Dutch
Arends,Dutch
Arendse,"Afrikaans,Southern"
Arendsen,Dutch
Arents,Dutch
Arentz,Dutch
Argall,Cornish
Argyris,Greek
Ariesen,Dutch
Arissen,Dutch
Aritza,"Basque,Spanish"
Arkema,Frisian
Arkes,Dutch
Arkwright,English
Arlotti,Italian
Armando,"Italian,Portuguese,Spanish"
Armani,Italian
Armati,Italian
Armbruster,German
Armbrüster,German
Armistead,English
Armstrong,English
Arnesen,Norwegian
Arnold,English
Arnolfi,Italian
Arnoni,Italian
Arntz,Dutch
Arntzen,Dutch
Arntzenius,Dutch
Arreola,Spanish
Arrighetti,Italian
Arrighi,Italian
Arrigucci,Italian
Arrington,English
Arriola,"Basque,Spanish"
Arterberry,English
Arterbury,English
Arthur,"English,French"
Arthurson,English
Arthursson,Swedish
Arts,Dutch
Artz,Dutch
Arzt,Dutch
Asenov,Bulgarian
Ash,English
Ashley,English
Ashworth,English
Asjes,Dutch
Askes,Dutch
Aslan,Turkish
Asselman,Dutch
Assenberg,Dutch
Assendorp,Dutch
Assies,Dutch
Assink,Dutch
Aston,English
Astrauskas,Lithuanian
Asturias,Spanish
Asís,Spanish
Atanasov,"Bulgarian,Macedonian"
Atchison,Scots
Ateljević,Serbian
Atkins,English
Atkinson,English
Atsma,Frisian
Attar,Persian
Attaway,English
Atteberry,English
Atterberry,English
Attwater,English
Attwood,English
Atwater,English
Atwood,English
Audley,English
Aue,German
Auer,German
Augustin,"French,German"
Augustine,English
Aukema,Frisian
Aukes,Dutch
Aust,German
Austin,English
Auteberry,English
Avagyan,Armenian
Avakian,Armenian
Avci,Turkish
Averesch,Dutch
Averill,English
Avery,English
Aveskamp,Dutch
Avraham,Jewish
Axelsen,"Danish,Norwegian"
Axelsson,Swedish
Ayers,English
Aylmer,English
Ayodele,"Western,Yoruba"
Ayton,English
Azarola,Basque
Azzarà,Italian
Baaiman,Dutch
Baak,Dutch
Baanders,Dutch
Baar,Dutch
Baarda,Frisian
Baardsen,Norwegian
Baardwijk,Dutch
Baars,Dutch
Baarsma,Frisian
Baart,Dutch
Baas,Dutch
Baasch,Low
Babatunde,"Western,Yoruba"
Babcock,English
Babin,French
Babineaux,French
Babić,"Croatian,Serbian"
Babič,Slovene
Bach,German
Bachchan,"Hindi,Indian"
Bachman,German
Bachmann,German
Bachmeier,German
Bachvarov,Bulgarian
Backus,English
Badcock,English
Badem,Turkish
Bader,German
Bager,Danish
Baggi,Italian
Baggio,Italian
Baghdasaryan,Armenian
Baghdassarian,Armenian
Bagley,English
Baglio,Italian
Bagni,Italian
Bagnoli,Italian
Bai,Chinese
Baier,German
Bailey,English
Bain,English
Baines,"English,Welsh"
Baird,Scottish
Bajusz,Hungarian
Bakalov,Bulgarian
Bakema,Frisian
Baker,English
Bakhuizen,Dutch
Bakker,Dutch
Bakó,Hungarian
Balboni,Italian
Baldi,Italian
Baldini,Italian
Baldinotti,Italian
Baldovini,Italian
Baldwin,English
Balik,Turkish
Balog,Hungarian
Balogh,Hungarian
Balázs,Hungarian
Bambach,German
Bancroft,English
Banderas,Spanish
Bandini,Italian
Bandoni,Italian
Bandyopadhyay,Bengali
Banerjee,Bengali
Banes,Welsh
Banister,English
Banks,English
Banner,English
Bannerman,English
Bannister,English
Baník,Slovak
Barber,"English,Scottish"
Barbieri,Italian
Bardakçi,Turkish
Bardsley,English
Barends,Dutch
Bariş,Turkish
Barker,English
Barlow,English
Barna,Hungarian
Barnes,English
Barnet,English
Barnett,English
Barone,Italian
Barr,English
Barre,French
Barret,English
Barrett,English
Barros,"Portuguese,Spanish"
Barsamian,Armenian
Barsotti,Italian
Barta,Hungarian
Bartalotti,Italian
Bartha,Hungarian
Bartolomei,Italian
Bartolomeo,Italian
Barton,English
Bartos,Hungarian
Bartosz,Polish
Bartoš,"Czech,Slovak"
Bartram,English
Barwegen,Frisian
Barzetti,Italian
Baráth,Hungarian
Basile,Italian
Bass,English
Bassanelli,Italian
Bassani,Italian
Bassi,Italian
Basso,Italian
Basurto,Spanish
Bates,English
Bateson,English
Battaglia,Italian
Battle,English
Batts,English
Baudin,French
Bauer,German
Bauers,German
Baum,"German,Jewish"
Baumann,"German,Jewish"
Baumbach,German
Baumer,German
Baumgarten,German
Baumgartner,German
Baumgärtner,German
Baumhauer,German
Bautista,Spanish
Baxter,English
Bayer,German
Bazzoli,Italian
Beake,English
Bean,English
Beasley,English
Beattie,Scottish
Beatty,Scottish
Beauchêne,French
Beaufort,French
Beaulieu,French
Beaumont,"English,French"
Beck,"Danish,English,German,Norwegian,Swedish"
Becke,German
Beckenbauer,German
Becker,German
Beckert,German
Becket,English
Beckett,English
Beckham,English
Becskei,Hungarian
Bedrosian,Armenian
Begbie,Scottish
Behrend,German
Behrends,German
Behringer,German
Beirne,Irish
Beitel,German
Belanger,English
Belcher,English
Bell,English
Bellamy,"English,French"
Bellandi,Italian
Bellandini,Italian
Bellerose,French
Bellincioni,Italian
Bellini,Italian
Bello,"Italian,Spanish"
Bellomi,Italian
Bellomo,Italian
Belloni,Italian
Belluomo,Italian
Belmont,"English,French"
Belmonte,"Italian,Spanish"
Belo,Portuguese
Belrose,French
Beltz,German
Benbow,English
Bencivenni,Italian
Bendtsen,Danish
Benedetti,Italian
Benenati,Italian
Benes,Hungarian
Benetton,Italian
Beneš,Czech
Bengochea,Basque
Bengoechea,Basque
Bengoetxea,Basque
Bengtsdotter,Swedish
Bengtsson,Swedish
Benini,Italian
Benjaminson,English
Benn,English
Bennet,English
Bennett,English
Benscoter,Dutch
Benson,English
Bentley,English
Benton,English
Bentsen,Danish
Benvenuti,Italian
Benítez,Spanish
Beran,Czech
Berardi,Italian
Berg,"Danish,Dutch,German,Norwegian,Swedish"
Bergamaschi,Italian
Berger,"Dutch,French,German"
Bergfalk,Swedish
Bergman,Swedish
Bergström,Swedish
Beringer,"English,German"
Berkovich,Jewish
Berkowicz,Jewish
Berkowitz,Jewish
Bermúdez,Spanish
Bernard,"Czech,Dutch,English,French"
Bernat,Catalan
Berne,Irish
Bernhard,German
Bernhardsson,Swedish
Berry,English
Berti,Italian
Bertolini,Italian
Bertrand,French
Beránek,Czech
Best,"English,German"
Beulen,Dutch
Beulens,Dutch
Beumer,Dutch
Beumers,Dutch
Beutel,German
Bevan,Welsh
Beverley,English
Beverly,English
Beyer,German
Beyersdorf,German
Bezuidenhout,Dutch
Bhattacharya,Bengali
Biagi,Italian
Biancardi,Italian
Bianchi,Italian
Bianco,Italian
Bicchieri,Italian
Bieber,"German,Jewish"
Biermann,German
Biondi,Italian
Biondo,Italian
Bird,English
Bischoffs,German
Bishop,English
Biskup,"Czech,Slovak"
Bisset,English
Bissette,English
Bi̇ni̇ci̇,Turkish
Bjarnesen,Danish
Björk,Swedish
Björkman,Swedish
Björnsson,Swedish
Black,English
Blackbourne,English
Blackburn,English
Blackman,English
Blackwood,"English,Scottish"
Blair,Scottish
Blaise,French
Blake,English
Blakeslee,English
Blakesley,English
Blanc,French
Blanchard,"English,French"
Blanchet,French
Blanchett,French
Blanco,Spanish
Blanxart,Catalan
Blau,German
Blažek,Czech
Blecher,German
Bleier,German
Blevins,Welsh
Blom,Swedish
Blomgren,Swedish
Bloodworth,English
Bloxam,English
Bloxham,English
Blue,English
Blum,"German,Jewish"
Blumenthal,"German,Jewish"
Blumstein,Jewish
Blythe,English
Bláha,Czech
Boatwright,English
Bobal,Czech
Bodilsen,Danish
Bodnár,Hungarian
Bodrogi,Hungarian
Boehler,German
Boelens,Dutch
Boels,Dutch
Boer,Dutch
Boerefijn,Dutch
Boerio,Italian
Boesch,"German,Low"
Bogdanić,Croatian
Bogdanov,"Bulgarian,Russian"
Bogdanović,"Croatian,Serbian"
Bognár,Hungarian
Bogomolov,Russian
Bohn,German
Boivin,French
Bokor,Hungarian
Bokori,Hungarian
Bologna,Italian
Bolton,English
Bolívar,Spanish
Bonaccorsi,Italian
Bonaccorso,Italian
Bonaventura,Italian
Bond,English
Bondesan,Italian
Bone,English
Bonfils,French
Bonham,English
Bonheur,French
Bonhomme,French
Bonnaire,French
Bonnay,French
Bonner,English
Bonnet,French
Bonney,English
Bonomo,Italian
Boon,"Dutch,English"
Boone,English
Booth,English
Boothman,English
Bootsma,Frisian
Borbély,Hungarian
Borchard,German
Borchardt,German
Borde,French
Borg,Swedish
Borghi,Italian
Borgnino,Italian
Borgogni,Italian
Borislavov,Bulgarian
Borisov,"Bulgarian,Russian"
Boros,Hungarian
Borst,Dutch
Bosch,"Catalan,Dutch,Low"
Bosco,Italian
Bosko,"Polish,Slovak"
Bosque,Spanish
Botterill,English
Botwright,English
Bouchard,French
Boucher,French
Boulos,Arabic
Bourdillon,French
Bourke,English
Bourne,English
Bourreau,French
Bousaid,Arabic
Bouwmeester,Dutch
Bove,Italian
Bover,Catalan
Boveri,Italian
Bowen,Welsh
Bowman,English
Boyadjiev,Bulgarian
Boyadzhiev,Bulgarian
Boyanov,Bulgarian
Boyce,English
Boyd,Scottish
Boyle,Irish
Bozhidarov,Bulgarian
Braam,Dutch
Braband,German
Braddock,English
Braden,Irish
Bradford,English
Bradley,English
Brady,Irish
Brahms,German
Brambilla,Italian
Brams,Danish
Bramson,Jewish
Brand,"English,German"
Brandon,English
Brandt,German
Brankovich,Serbian
Branković,"Croatian,Serbian"
Brankovič,Slovene
Brannon,Irish
Branson,English
Brant,"English,German"
Brasher,English
Brassington,English
Brauer,Low
Braun,German
Braune,German
Bray,English
Breckenridge,"English,Scottish"
Breckinridge,"English,Scottish"
Breda,Italian
Breen,Irish
Breiner,"German,Swedish"
Breisacher,German
Breitbarth,German
Brennan,Irish
Brent,English
Bret,French
Brett,English
Bretz,German
Brewer,English
Brewster,English
Brice,English
Brigham,English
Brinkerhoff,German
Brioschi,Italian
Brisbois,French
Bristol,English
Bristow,English
Brittain,English
Britton,English
Brivio,Italian
Broadbent,English
Brock,English
Brodbeck,German
Brodeur,French
Brodie,Scottish
Brody,Scottish
Brogan,Irish
Bronson,English
Brook,English
Brooke,English
Brooks,English
Brose,German
Brotz,German
Brown,English
Browne,English
Brownlow,English
Broz,Croatian
Broż,Polish
Brož,Czech
Bruce,Scottish
Bruhn,German
Brun,German
Brune,German
Brunetti,Italian
Bruno,Italian
Bryan,English
Bryant,English
Bryce,English
Bryson,English
Brzezicki,Polish
Buchanan,Scottish
Buchholz,German
Buchvarov,Bulgarian
Buckholtz,German
Buckley,"English,Irish"
Budai,Hungarian
Buday,Hungarian
Budny,Polish
Buffone,Italian
Buhr,Low
Bukoski,Polish
Bukowski,Polish
Bul,Dutch
Bulgarelli,Italian
Bulgari,Italian
Bull,English
Bullard,English
Bulle,Dutch
Bullens,Dutch
Bullock,English
Bumgarner,German
Bunker,English
Bunschoten,Dutch
Buonarroti,Italian
Burakgazi,Turkish
Bureau,French
Bureš,Czech
Burgstaller,German
Burke,"English,Irish"
Burnham,English
Burns,"English,Irish,Scottish"
Burrell,English
Burton,English
Busch,German
Bush,English
Bustillo,Spanish
Busto,"Italian,Spanish"
Bustos,Spanish
Butcher,English
Butler,"English,Irish"
Butts,English
Byquist,Swedish
Byrd,English
Byrne,Irish
Byrnes,Irish
Byström,Swedish
Bálint,Hungarian
Bárta,Czech
Bárány,Hungarian
Báthory,Hungarian
Bátori,Hungarian
Bäcker,German
Bähr,German
Bélanger,French
Béranger,French
Béringer,French
Bíró,Hungarian
Böcker,German
Böhler,German
Böhm,German
Böhme,German
Böhmer,"German,Jewish"
Bösch,"German,Low"
Böttcher,German
Büki,Hungarian
Bălan,Romanian
Cabello,Spanish
Cabral,Portuguese
Cabrera,Spanish
Cadwallader,Welsh
Caiazzo,Italian
Caito,Italian
Caivano,Italian
Calabrese,Italian
Caldwell,English
Calhoun,Scottish
Callaghan,Irish
Callahan,Irish
Calligaris,Italian
Cameron,Scottish
Campana,"Italian,Spanish"
Campbell,Scottish
Campo,"Italian,Spanish"
Campos,"Portuguese,Spanish"
Cannon,English
Cantrell,English
Cantù,Italian
Cantú,Spanish
Caomhánach,Irish
Capello,Italian
Capitani,Italian
Carbone,Italian
Carboni,Italian
Cardona,Catalan
Cardoso,"Portuguese,Spanish"
Cardozo,Spanish
Carey,Irish
Carideo,Italian
Carl,"English,German"
Carlevaro,Italian
Carlisle,English
Carlsen,Danish
Carlson,Swedish
Carlsson,Swedish
Carlyle,English
Carman,English
Carmody,Irish
Carnevale,Italian
Caro,"Italian,Spanish"
Caron,French
Carpenter,English
Carr,Scottish
Carran,Irish
Carrara,Italian
Carroll,Irish
Carson,Scottish
Carstensen,Danish
Carter,English
Cartwright,English
Caruso,Italian
Carver,English
Cary,Irish
Casal,Spanish
Casale,Italian
Casales,Spanish
Casey,Irish
Cassano,Italian
Cassidy,Irish
Castell,Catalan
Castellano,Spanish
Castelo,Portuguese
Castilla,Spanish
Castillo,Spanish
Castle,English
Castro,"Portuguese,Spanish"
Catalano,Italian
Catalán,Spanish
Cattaneo,Italian
Caulfield,English
Causer,English
Causey,English
Cavalcante,Italian
Cavallo,Italian
Cavan,Irish
Cavanagh,Irish
Cavanah,Irish
Cavanaugh,Irish
Cavey,Irish
Cecil,Welsh
Ceelen,Dutch
Cermak,Czech
Chadwick,English
Chaikin,Yiddish
Chalupa,Czech
Chalupnik,Czech
Chamberlain,English
Chambers,English
Chan,Chinese
Chance,English
Chancellor,English
Chandler,English
Chapman,English
Chaput,French
Charbonneau,French
Charmchi,Persian
Charpentier,French
Charron,French
Chase,English
Chastain,French
Chaudhari,"Gujarati,Indian,Marathi"
Chaudhary,"Gujarati,Hindi,Indian,Marathi,Nepali"
Chaudhri,"Hindi,Indian"
Chaudhuri,Bengali
Chavarría,Spanish
Chavdarov,Bulgarian
Chaves,"Portuguese,Spanish"
Chayka,Ukrainian
Chaykovsky,Russian
Chen,Chinese
Cheshire,English
Chester,English
Cheung,Chinese
Chevalier,French
Chevrolet,French
Chilikov,Bulgarian
Chlebek,Polish
Chmela,Czech
Chmiel,Polish
Cho,Korean
Choe,Korean
Choi,Korean
Chong,Chinese
Chou,Chinese
Choudhary,"Hindi,Indian,Marathi"
Choudhury,Bengali
Chow,Chinese
Chowdhury,Bengali
Christensen,"Danish,Norwegian"
Christians,English
Christiansen,"Danish,Norwegian"
Christianson,English
Christinsen,English
Christison,English
Christoffersen,Danish
Christopher,English
Christophers,English
Christopherson,English
Chu,Chinese
Chung,Korean
Church,English
Chvátal,Czech
Chávez,Spanish
Cinege,Hungarian
Cingolani,Italian
Cino,Italian
Cipriani,Italian
Cisternino,Italian
Claasen,Dutch
Clacher,Scottish
Claes,Flemish
Claesson,Swedish
Clark,English
Clarke,English
Clarkson,English
Clausen,Danish
Clay,English
Clayton,English
Cleary,Irish
Clemens,English
Clemensen,Danish
Clery,Irish
Clifford,English
Clifton,English
Cline,"German,Jewish"
Clinton,English
Cloet,Dutch
Close,English
Cloutier,French
Cobb,English
Coburn,"English,Scottish"
Cock,English
Cockburn,"English,Scottish"
Cocks,English
Cody,Irish
Coelho,Portuguese
Coeman,Dutch
Coemans,Dutch
Coenen,Dutch
Coghlan,Irish
Cohen,Jewish
Coiro,Italian
Cojocaru,Romanian
Coke,English
Cokes,English
Cola,Italian
Colbert,"English,French"
Cole,English
Coleman,"English,Irish"
Colijn,Dutch
Collingwood,English
Collins,"English,Irish"
Colombera,Italian
Colombo,Italian
Colquhoun,Scottish
Colton,English
Columbo,Italian
Colón,Spanish
Combs,English
Como,Italian
Comstock,English
Comtois,French
Confortola,Italian
Connell,Irish
Connelly,Irish
Conner,English
Connolly,Irish
Connor,Irish
Constable,English
Constantin,Romanian
Constantinescu,Romanian
Conti,Italian
Cook,English
Cooke,English
Cookson,English
Coolen,Dutch
Coombs,English
Cooney,Irish
Cooper,English
Corcoran,Irish
Corey,English
Corna,Italian
Cornell,English
Cornett,English
Corrà,Italian
Corti,Italian
Corvi,Italian
Corwin,English
Cory,English
Costa,"Catalan,Italian,Portuguese"
Costantini,Italian
Costanzo,Italian
Coste,French
Cotterill,English
Couch,Cornish
Coughlan,Irish
Coughlin,Irish
Coumans,Dutch
Coupe,English
Courtemanche,French
Courtenay,English
Courtney,English
Cousineau,French
Coutts,Scottish
Couture,French
Cowden,English
Cox,English
Coy,English
Cracchiolo,Italian
Craig,Scottish
Crawford,English
Cremaschi,Italian
Cremona,Italian
Cremonesi,Italian
Crespi,Italian
Crespo,"Italian,Portuguese,Spanish"
Crewe,English
Crisp,English
Crnčević,Serbian
Croce,Italian
Crocetti,Italian
Croft,English
Cropper,English
Cross,English
Crouch,English
Cruickshank,Scottish
Crusan,Dutch
Cruyssen,Dutch
Cruz,"Portuguese,Spanish"
Cseh,Hungarian
Csintalan,Hungarian
Csizmadia,Hungarian
Csonka,Hungarian
Csorba,Hungarian
Császár,Hungarian
Cucinotta,Italian
Cuesta,Spanish
Cuevas,Spanish
Cuijper,Dutch
Cuijpers,Dutch
Cullen,"English,Irish"
Cummins,"English,Irish,Scottish"
Cunningham,Scottish
Cuocco,Italian
Cuoco,Italian
Curran,Irish
Curtis,English
Cuyper,Dutch
Cuypers,Dutch
Cuéllar,Spanish
Cvetkov,Bulgarian
Czajka,Polish
Czajkowski,Polish
Czinege,Hungarian
Côté,French
D'ambrosio,Italian
D'amore,Italian
D'angelo,Italian
D'antonio,Italian
D'aramitz,French
D'cruz,Indian
D'cruze,Indian
D'onofrio,Italian
Da,Portuguese
Daalman,Dutch
Daalmans,Dutch
Dabney,English
Daelman,Dutch
Daelmans,Dutch
Dahl,"Danish,Norwegian,Swedish"
Dahlman,Swedish
Dahlmans,Dutch
Dalca,Romanian
Dale,English
Daley,Irish
Dalgaard,Danish
Dalton,English
Daly,Irish
Dalí,Spanish
Dam,"Danish,Dutch"
Damiani,Italian
Damyanov,Bulgarian
Danailov,Bulgarian
Danchev,Bulgarian
Dane,English
Danell,English
Daniau,French
Daniel,"English,French,German,Portuguese"
Daniell,English
Danielov,Bulgarian
Daniels,English
Danielsen,"Danish,Norwegian"
Danielson,English
Danielsson,Swedish
Dannel,English
Danniel,English
Danniell,English
Darbinian,Armenian
Darbinyan,Armenian
Darby,English
Darrell,English
Darrow,Scottish
Darwin,English
Darzi,Persian
Das,"Assamese,Bengali,Hindi,Indian,Marathi,Odia"
Daskalov,Bulgarian
Daube,German
Daubney,English
Daugherty,Irish
Daviau,French
David,"Czech,English,French,Jewish,Portuguese,Scottish"
Davidović,Serbian
Davids,English
Davidsen,Danish
Davidson,English
Davidyan,Armenian
Davies,"English,Scottish"
Davin,Irish
Davis,"English,Scottish"
Davison,English
Davtyan,Armenian
Dawson,English
Day,English
De,"Dutch,Flemish,French,Italian,Spanish"
Deadman,English
Dean,English
Deasmhumhain,Irish
Deasún,Irish
Debenham,English
Dedrick,English
Deering,English
Deforest,French
Degarmo,French
Del,Spanish
Delacroix,French
Delaney,"English,Irish"
Delany,Irish
Delgado,"Portuguese,Spanish"
Demetriou,Greek
Demi̇r,Turkish
Demi̇rci̇,Turkish
Dempsey,Irish
Deniau,French
Deniaud,French
Deniel,French
Denis,French
Denman,English
Dennel,French
Dennell,English
Denzel,German
Denzil,English
Derby,English
Derichs,German
Dermott,Irish
Derrick,English
Derricks,English
Derrickson,English
Deschamps,French
Descoteaux,French
Desjardins,French
Desmond,Irish
Desroches,French
Desrosiers,French
Devereux,English
Devin,"English,Irish"
Devine,"English,Irish"
Devlin,Irish
Dexter,English
Değirmenci,Turkish
Di,Italian
Dibra,Albanian
Dick,English
Dickens,English
Dickenson,English
Dickinson,English
Dickman,English
Dickson,English
Diefenbach,German
Dierickx,Flemish
Dieter,German
Dietrich,German
Dijkstra,Frisian
Dimitriou,Greek
Dimitrov,Bulgarian
Dimov,Bulgarian
Dinapoli,Italian
Dioli,Italian
Dirchs,Dutch
Dircks,Dutch
Dircksens,Dutch
Dirckx,"Dutch,Flemish"
Dirix,"Dutch,Flemish"
Dirks,"Dutch,German"
Dirkse,Dutch
Dirksen,"Dutch,German"
Dirkx,"Dutch,Flemish"
Disney,English
Dittmar,German
Dixon,English
Dobos,Hungarian
Dobrev,Bulgarian
Doctor,English
Doherty,Irish
Dohman,German
Dolan,Irish
Doležal,Czech
Domínguez,Spanish
Donaghue,Irish
Donalds,English
Donaldson,English
Donati,Italian
Donne,"Irish,Scottish"
Donnell,Irish
Donnelly,Irish
Donoghue,Irish
Donohoe,Irish
Donohue,Irish
Donovan,Irish
Doran,Irish
Dorsey,English
Doubek,Czech
Dougherty,Irish
Douglas,Scottish
Douglass,Scottish
Downer,English
Doyle,Irish
Draganov,Bulgarian
Dragić,"Croatian,Serbian,Slovene"
Drago,Italian
Dragomirov,Bulgarian
Dragov,Bulgarian
Dragović,"Croatian,Serbian"
Drake,English
Draper,English
Drechsler,German
Drees,Dutch
Dreesen,Dutch
Dreesens,Dutch
Dreessen,Dutch
Dreher,German
Dreier,German
Dreschner,German
Dresdner,German
Dressler,German
Dreyer,German
Dries,Dutch
Driessen,Dutch
Driscoll,Irish
Droit,French
Drummond,Scottish
Du,Chinese
Duane,Irish
Duarte,"Portuguese,Spanish"
Dubanowski,Polish
Dubhghlas,Scottish
Dubicki,Polish
Dubois,French
Duchamps,French
Dudley,English
Duerr,German
Duff,Scottish
Duffy,"Irish,Scottish"
Dufort,French
Dufour,French
Duguay,French
Duke,English
Dukes,English
Dumitrescu,Romanian
Dumitru,Romanian
Dunai,Hungarian
Dunajski,Polish
Dunbar,Scottish
Duncan,Scottish
Duncanson,Scottish
Dunkel,German
Dunn,"English,Irish,Scottish"
Dunst,German
Dupond,French
Dupont,French
Durand,"English,French"
Durant,"English,French"
Durante,Italian
Durnin,Irish
Dustin,English
Duval,French
Dušek,Czech
Dvořák,Czech
Dwerryhouse,English
Dwight,English
Dyer,English
Dykstra,Frisian
Dyson,English
Dziedzic,Polish
Díaz,Spanish
Dürr,German
Eads,English
Earl,English
Earls,English
Easom,English
Eason,English
Easton,English
Eaton,English
Eberhardt,German
Ebner,German
Eccleston,English
Ecclestone,English
Echevarría,Spanish
Echeverría,Spanish
Eckstein,German
Edgar,English
Edison,English
Edwards,English
Edwardson,English
Eerkens,Dutch
Egger,German
Eichel,German
Eikenboom,Dutch
Eilerts,German
Einarsson,Swedish
Ek,Swedish
Eklund,Swedish
Ekmekçi,Turkish
El-amin,Arabic
El-ghazzawy,Arabic
El-hashem,Arabic
El-mofty,Arabic
Eld,Swedish
Elder,English
Eldred,English
Eldridge,English
Elena,Italian
Eliot,English
Eliott,English
Elizondo,Spanish
Ellery,English
Elliot,English
Elliott,English
Ellis,"English,Welsh"
Ellison,English
Ellisson,English
Elliston,English
Ellsworth,English
Elmer,English
Elmersson,Swedish
Elvis,English
Elwes,English
Elwin,English
Elwyn,English
Ely,English
Elzinga,Dutch
Emerson,English
Emmet,English
Emmett,English
Endicott,English
Engberg,Swedish
Engel,German
English,English
Engman,Swedish
Engström,Swedish
Enns,German
Episcopo,Italian
Erckens,Dutch
Erdős,Hungarian
Erickson,English
Ericson,"English,Swedish"
Ericsson,Swedish
Eriksen,"Danish,Norwegian"
Eriksson,Swedish
Erkens,Dutch
Ermacora,Italian
Erős,Hungarian
Escamilla,Spanish
Escarrà,Spanish
Escárcega,Spanish
Esparza,Spanish
Espenson,English
Espina,Spanish
Espino,Spanish
Espinosa,Spanish
Espinoza,Spanish
Esposito,Italian
Esser,German
Essert,German
Estéves,Portuguese
Estévez,Spanish
Eszes,Hungarian
Ethans,English
Etxebarria,Basque
Etxeberria,Basque
Eustis,"English,French"
Evangelista,Italian
Evans,Welsh
Evanson,English
Evelyn,English
Evered,English
Everett,English
Everhart,German
Everill,English
Evers,Dutch
Ewart,"English,Scottish"
Ezra,Jewish
Fabbri,Italian
Fabbro,Italian
Fabel,German
Fabian,"English,French,Polish"
Fabre,French
Fabron,French
Faerber,German
Fairbairn,"English,Scottish"
Fairburn,English
Fairchild,English
Fairclough,English
Falco,Italian
Falk,"Danish,German,Norwegian,Swedish"
Falkenrath,German
Fan,Chinese
Fannon,Irish
Faragó,Hungarian
Faraldo,Italian
Farina,Italian
Farkas,Hungarian
Farmer,English
Farnham,English
Farrell,Irish
Farro,Italian
Fashingbauer,German
Fattore,Italian
Faucher,French
Faucheux,French
Faulkner,"English,Scottish"
Faure,French
Faust,German
Fausti,Italian
Fava,Italian
Favager,French
Favero,Italian
Favre,French
Favreau,French
Fay,"English,French"
Fazekas,Hungarian
Fear,English
Fedorov,Russian
Fehér,Hungarian
Feigenbaum,"German,Jewish"
Fejes,Hungarian
Fekete,Hungarian
Feld,"German,Jewish"
Feldt,"German,Jewish"
Fenn,English
Fenstermacher,German
Ferguson,"Irish,Scottish"
Fermi,"Italian,Jewish"
Fernandes,Portuguese
Fernández,Spanish
Ferrara,Italian
Ferrari,Italian
Ferraro,Italian
Ferreira,Portuguese
Ferreiro,Portuguese
Ferrer,Catalan
Ferrero,Italian
Ferro,"Italian,Portuguese"
Fertig,German
Fiala,Czech
Fiedler,German
Fields,English
Fierro,"Italian,Spanish"
Filep,Hungarian
Filipek,"Czech,Polish"
Filipov,"Bulgarian,Macedonian"
Filipović,"Croatian,Serbian"
Filipowski,Polish
Filippi,Italian
Filippov,Russian
Findlay,Scottish
Fini,Italian
Finley,Scottish
Finn,Irish
Finnegan,Irish
Finnin,Irish
Fiore,Italian
Firmin,"English,French"
Fiscella,Italian
Fischer,German
Fisher,"English,Jewish"
Fishman,English
Fisker,Danish
Fitzgerald,Irish
Fitzpatrick,Irish
Fitzroy,English
Fitzsimmons,Irish
Flanagan,Irish
Flanagon,Irish
Flater,German
Fleischer,German
Fleming,English
Fletcher,English
Flipse,Dutch
Flipsen,Dutch
Flores,Spanish
Floros,Greek
Floyd,Welsh
Flynn,Irish
Fodor,Hungarian
Foerstner,German
Foley,Irish
Fonda,Italian
Fonseca,"Portuguese,Spanish"
Fontaine,French
Fontana,Italian
Ford,English
Forest,"English,French"
Forester,English
Forestier,French
Forney,"English,Scottish"
Forrest,English
Forst,German
Fortier,French
Fortuin,Dutch
Fortunato,Italian
Fortuyn,Dutch
Foss,"English,French"
Foster,English
Foth,Low
Fournier,French
Fowler,English
Fox,English
Francis,English
Franco,"Italian,Portuguese,Spanish"
Franić,Croatian
Franjić,Croatian
Frank,"Danish,Dutch,English,German,Norwegian"
Franke,"Dutch,Flemish,German"
Franklin,English
Franklyn,English
Franzese,Italian
François,French
Fraser,Scottish
Frazier,Scottish
Frederiksen,Danish
Freeman,English
Frei,German
Freitas,Portuguese
Freud,German
Freudenberger,German
Freund,German
Fried,German
Friedrich,German
Friel,Irish
Frisk,Swedish
Fromm,German
Frost,"English,German"
Fry,English
Frye,English
Fuchs,German
Fuentes,Spanish
Fuhrmann,German
Fujimoto,Japanese
Fujioka,Japanese
Fujita,Japanese
Fukui,Japanese
Fuller,English
Fulton,English
Funar,Romanian
Furlan,Italian
Furnadjiev,Bulgarian
Fux,German
Fylan,Irish
Fyodorov,Russian
Fábián,Hungarian
Färber,German
Félix,"French,Spanish"
Förstner,German
Fülöp,Hungarian
Fürst,German
Gabler,German
Gabor,Romanian
Gabrielli,Italian
Gabriels,English
Gabrielson,English
Gadhavi,"Gujarati,Indian"
Gaertner,German
Gage,"English,French"
Gagliardi,Italian
Gagne,French
Gagnier,French
Gagnon,French
Gajos,Polish
Gallagher,Irish
Gallego,Spanish
Gallo,"Italian,Spanish"
Gang,Korean
Ganza,Italian
Garb,German
Garber,German
Garcia,Portuguese
Garcon,French
García,Spanish
Gardener,English
Gardiner,English
Gardinier,French
Gardner,English
Garey,English
Garfagnini,Italian
Garfield,English
Garland,English
Garner,English
Garnet,English
Garnett,English
Garofalo,Italian
Garrard,English
Garrastazu,Basque
Garret,English
Garrett,English
Garrod,English
Garry,English
Garver,German
Gary,English
Garza,Spanish
Gaspar,"Portuguese,Spanish"
Gaspari,Italian
Gass,"German,Jewish"
Gatti,Italian
Gavrilović,Serbian
Gavrilyuk,Ukrainian
Gaál,Hungarian
Gašpar,Slovene
Geary,English
Gebara,Basque
Geelen,Dutch
Geelens,Dutch
Geels,Dutch
Gehrig,German
Gehring,German
Geier,German
Geiger,German
Geisler,German
Geissler,German
Geiszler,German
Geißler,German
Gelen,Dutch
Gelens,Dutch
Genadiev,Bulgarian
Genkov,Bulgarian
Genov,Bulgarian
Genovese,Italian
Gensch,German
Gentile,Italian
George,English
Georgeson,English
Georgiev,Bulgarian
Gerber,German
Gerbić,Slovene
Gereben,Hungarian
Gerhard,German
Gerhardsson,Swedish
Gerhardt,German
Gerig,German
Germain,French
Germano,Italian
Gerst,German
Gerstle,German
Gerver,German
Gevorgian,Armenian
Giannino,Italian
Giannopoulos,Greek
Gibb,English
Gibbs,"English,Scottish"
Gibson,"English,Scottish"
Giehl,German
Giese,"Danish,German"
Giffard,English
Gilbert,English
Giles,"English,French"
Gilliam,English
Gim,Korean
Gimondi,Italian
Giordano,Italian
Girard,French
Giroux,French
Gismondi,Italian
Giunta,Italian
Giùgovaz,Italian
Gladwin,English
Gladwyn,English
Glas,"Dutch,German"
Glass,"English,German"
Glazier,English
Glen,Scottish
Glenn,Scottish
Glover,English
Glöckner,German
Gniewek,Polish
Goddard,English
Godfrey,English
Goebel,German
Goffe,English
Goldhirsch,Jewish
Goldschmidt,German
Gomes,Portuguese
Gomolka,Polish
Gomulka,Polish
Gonzales,Spanish
González,Spanish
Goode,English
Goodwin,English
Goossens,Flemish
Goranov,Bulgarian
Gorbold,English
Gordon,Scottish
Gore,English
Gorecki,Polish
Goretti,Italian
Gori,Italian
Gorman,"German,Irish"
Gosse,"English,French"
Gosselin,French
Gott,German
Gotti,German
Gottlieb,German
Gottschalk,German
Gouveia,Portuguese
Graeme,Scottish
Graham,Scottish
Grahame,Scottish
Grahn,Swedish
Graner,"German,Hungarian"
Granger,"English,French"
Grant,"English,Scottish"
Granville,English
Graves,English
Gray,English
Grec,Catalan
Greco,Italian
Green,English
Greenberg,"German,Jewish"
Greene,English
Greenspan,Jewish
Greer,Scottish
Gregory,English
Grenville,English
Grey,English
Grier,Scottish
Grieve,Scottish
Griffin,"English,Welsh"
Griffith,Welsh
Grigorescu,Romanian
Grigorov,Bulgarian
Grillo,Italian
Grimaldi,Italian
Gronchi,Italian
Groos,German
Gros,French
Gross,German
Grosse,German
Grosser,German
Grossi,Italian
Grosso,Italian
Groves,English
Groß,German
Große,German
Großel,German
Großer,German
Grzeskiewicz,Polish
Grósz,Hungarian
Größel,German
Grünewald,German
Guadarrama,Spanish
Guan,Chinese
Guarneri,Italian
Guerra,"Italian,Portuguese,Spanish"
Guerrero,Spanish
Guerriero,Italian
Guidi,Italian
Guillory,French
Guinness,Irish
Gujić,Bosnian
Gulbrandsen,Norwegian
Guldbrandsen,Danish
Gully,English
Gulyás,Hungarian
Gunnarsen,Danish
Gunnarsson,Swedish
Gunther,German
Gunvaldsson,Swedish
Guo,Chinese
Gupta,"Bengali,Gujarati,Hindi,Indian,Marathi,Punjabi,Telugu"
Gustafsson,Swedish
Gutermuth,German
Gutierrez,Spanish
Gutiérrez,Spanish
Guttuso,Italian
Guérin,French
Gwerder,German
Gwozdek,Polish
Gál,Hungarian
Gárdonyi,Hungarian
Gáspár,Hungarian
Gärtner,German
Géroux,French
Gómez,Spanish
Górka,Polish
Górski,Polish
Göransson,Swedish
Görög,Hungarian
Günther,German
Haak,Dutch
Haakonsson,Norwegian
Haanraads,Dutch
Haanraadts,Dutch
Haanraats,Dutch
Haas,"Dutch,German"
Haase,German
Haber,"German,Jewish"
Habich,German
Habicht,German
Hackett,English
Hadaway,English
Haden,"English,Irish"
Hadjiev,Bulgarian
Haenraets,Dutch
Hafner,German
Hagebak,Norwegian
Haggard,English
Hagopian,Armenian
Hahn,German
Haight,English
Hailey,English
Haines,English
Hajek,Czech
Hajós,Hungarian
Hakim,Arabic
Hale,English
Haley,English
Hall,"Danish,English,German,Norwegian,Swedish"
Halle,German
Hallman,"English,Swedish"
Halloran,Irish
Halmi,Hungarian
Halász,Hungarian
Hamasaki,Japanese
Hambledon,"English,Scottish"
Hambleton,"English,Scottish"
Hameldon,"English,Scottish"
Hamilton,"English,Scottish"
Hamm,English
Hampson,English
Hampton,English
Han,"Chinese,Korean"
Hancock,English
Hanegan,Irish
Hanigan,Irish
Hanley,English
Hannigan,Irish
Hannigen,Irish
Hanraets,Dutch
Hansen,"Danish,Dutch,Frisian,Norwegian"
Hanson,English
Hansson,Swedish
Haralampiev,Bulgarian
Haraldsson,Norwegian
Harden,English
Hardie,Scottish
Harding,English
Hardwick,English
Hardy,"English,French"
Harel,Jewish
Harford,English
Hargrave,English
Harlan,English
Harland,English
Harley,English
Harlow,English
Harmaajärvi,Finnish
Harman,"English,French,German"
Harmon,English
Haroldson,English
Harper,English
Harrell,English
Harrelson,English
Harris,English
Harrison,English
Hart,English
Hartell,English
Hartmann,German
Harvey,English
Hase,German
Hasek,German
Hasenkamp,German
Hashimoto,Japanese
Hass,German
Hathaway,English
Hatheway,English
Hathoway,English
Hauer,German
Haugen,Norwegian
Haumann,Dutch
Haupt,German
Hausler,German
Havel,Czech
Havelka,Czech
Havener,German
Havlíček,Czech
Haward,English
Hawk,English
Hawking,English
Hawkins,English
Hayashi,Japanese
Hayden,"English,Irish"
Hayes,"English,Irish,Yiddish"
Hayley,English
Haynes,English
Hayward,English
Haywood,English
Head,English
Headley,English
Hearn,Irish
Heath,English
Hedley,English
Heeren,Dutch
Heffernan,Irish
Hegedûs,Hungarian
Heidrich,German
Heijman,Dutch
Heijmans,Dutch
Heikki,Finnish
Heiman,Dutch
Heimans,Dutch
Heimirsson,Icelandic
Heinrich,German
Heinrichs,German
Heintze,German
Hellewege,German
Henderson,"English,Scottish"
Hendriks,Dutch
Hendrikx,Dutch
Hendrix,Dutch
Hendry,"English,Scottish"
Henningsen,Danish
Henriksen,Danish
Henriques,Portuguese
Henry,English
Henryson,English
Henson,English
Hepburn,"English,Scottish"
Heppenheimer,German
Herbert,"English,French,German"
Herberts,"Dutch,English"
Herbertson,English
Herbertsson,Swedish
Herceg,Croatian
Herczeg,Hungarian
Herczog,Hungarian
Herman,"Dutch,English"
Hermann,German
Hermansen,"Danish,Norwegian"
Hermanson,English
Hermansson,Swedish
Hernández,Spanish
Herrema,Frisian
Herrera,Spanish
Herrero,Spanish
Herriot,French
Herrmann,German
Herschel,"German,Yiddish"
Hershey,Jewish
Hertz,German
Herzog,German
Hewitt,English
Hext,English
Heyman,Dutch
Heymans,Dutch
Hibbert,English
Hickey,Irish
Hicks,English
Hier,Welsh
Hierro,Spanish
Higgins,Irish
Hightower,English
Hildebrand,German
Hill,English
Hillam,English
Hilmarsson,Icelandic
Hilton,English
Himura,Japanese
Hines,Irish
Hinrichs,German
Hintzen,German
Hirsch,"German,Yiddish"
Hisakawa,Japanese
Hjort,"Danish,Swedish"
Hlavač,Czech
Hlavaček,Czech
Hobbes,English
Hobbs,English
Hobson,English
Hoch,German
Hochberg,"German,Jewish"
Hodges,English
Hodson,English
Hoedemaeker,Dutch
Hoedemaekers,Dutch
Hoedemaker,Dutch
Hoedemakers,Dutch
Hoefler,German
Hoekstra,Frisian
Hofer,German
Hoffman,German
Hoffmann,German
Hofmann,German
Hofmeister,German
Hofwegen,Dutch
Hogan,Irish
Hogarth,English
Holgersen,"Danish,Norwegian"
Holgersson,Swedish
Holguín,Spanish
Holland,English
Hollands,English
Hollins,English
Holme,"English,Scottish"
Holmes,"English,Scottish"
Holmström,Swedish
Holmwood,English
Holst,"Danish,Dutch,Low"
Holt,"Danish,Dutch,English,Norwegian"
Holtman,Dutch
Holtzer,German
Holub,"Czech,Ukrainian"
Holzer,German
Holzknecht,German
Holzmann,German
Honda,Japanese
Honeycutt,English
Honeysett,English
Hooker,English
Hooper,English
Hoover,German
Hope,English
Hopkins,English
Hopper,English
Hopson,English
Horacek,Czech
Horak,Czech
Horaček,Czech
Horn,"Danish,English,German,Norwegian"
Horne,English
Hornick,"Czech,Slovak"
Hornik,"Czech,Slovak"
Horowitz,"German,Jewish"
Horsfall,English
Horton,English
Horvat,"Croatian,Slovene"
Horvatinčić,Croatian
Horváth,Hungarian
Hou,Chinese
Houben,Dutch
Houk,German
House,English
Houston,Scottish
Houtkooper,Dutch
Houtman,Dutch
Hovanesian,Armenian
Howard,English
Howe,English
Howell,Welsh
Howland,English
Howse,English
Hoàng,Vietnamese
Hrabe,Czech
Hristov,Bulgarian
Hruby,Czech
Hruška,Czech
Hsu,Chinese
Hu,Chinese
Huang,Chinese
Huber,German
Huddleson,English
Huddleston,English
Hudnall,English
Hudson,English
Huerta,Spanish
Huff,"English,German"
Huffman,German
Huffmann,German
Hughes,"English,Irish,Scottish"
Hull,English
Hult,Swedish
Hume,"English,Scottish"
Hummel,"Danish,Dutch,German,Norwegian"
Humphrey,English
Hunnisett,English
Hunt,English
Hunter,"English,Scottish"
Hurst,English
Hussain,Arabic
Hustovi,Czech
Hutmacher,German
Hutson,English
Huxley,English
Huxtable,English
Huỳnh,Vietnamese
Hyland,"English,Irish"
Hynes,Irish
Hébert,French
Höfler,German
Hölzer,German
Hüber,German
Ianson,English
Ibarra,"Basque,Spanish"
Ibbot,English
Ibbott,English
Ibsen,Danish
Ibáñez,Spanish
Idoni,Italian
Idowu,"Western,Yoruba"
Ignatiev,Bulgarian
Ignatov,Bulgarian
Ignácz,Hungarian
Ihejirika,"Igbo,Western"
Ikeda,Japanese
Ikin,English
Ilbert,English
Iliescu,Romanian
Iliev,Bulgarian
Ilić,"Croatian,Serbian"
Illés,Hungarian
Ingersleben,German
Ingersson,Swedish
Ingesson,Swedish
Ingham,English
Ingolfsson,Icelandic
Ingram,English
Innocenti,Italian
Inoue,Japanese
Ioannidis,Greek
Ionesco,Romanian
Ionescu,Romanian
Iordanou,Greek
Irvin,English
Irvine,"English,Scottish"
Irving,"English,Scottish"
Irwin,English
Isaacson,English
Isaev,Bulgarian
Ishikawa,Japanese
Ito,Japanese
Iturburua,Basque
Ivankov,Bulgarian
Ivanov,"Bulgarian,Macedonian,Russian,Ukrainian"
Ivanović,"Croatian,Serbian"
Ivers,"English,Irish"
Ivov,Bulgarian
Iyer,Tamil
Iñíguez,Spanish
Jack,"English,Scottish"
Jackson,English
Jacobs,"Dutch,English"
Jacobse,Dutch
Jacobsen,Danish
Jacobson,English
Jacques,French
Jaeger,German
Jager,German
Jagoda,Polish
Jahoda,"Czech,Slovak"
Jain,"Gujarati,Hindi,Indian,Marathi"
Jakab,Hungarian
Jakeman,English
Jakobsen,"Danish,Norwegian"
Jakolin,Slovene
James,English
Jameson,English
Jamison,English
Janda,"Czech,Polish"
Jandaček,Czech
Janiček,Czech
Jankovic,Slovak
Jankovics,Hungarian
Janković,"Croatian,Serbian"
Jankovič,Slovene
Janowski,Polish
Jans,"Dutch,German"
Jansen,"Dutch,Norwegian"
Jansens,Dutch
Jansing,Dutch
Jansingh,Dutch
Jansink,Dutch
Janson,"Dutch,English,German,Swedish"
Janssen,Dutch
Janssens,Dutch
Jansson,Swedish
Janvier,French
Janz,German
Janzen,Dutch
Jardine,"English,Scottish"
Jarrett,English
Jarvis,English
Jaskolski,Polish
Jaskulski,Polish
Jaso,Basque
Jasso,"Basque,Spanish"
Jeanes,English
Jedlička,Czech
Jedynak,Polish
Jeffers,English
Jefferson,English
Jeffery,English
Jeffries,English
Jehlička,Czech
Jekyll,English
Jelen,"Czech,Polish,Slovak"
Jelinek,Czech
Jenkins,English
Jennings,English
Jensen,Danish
Jensson,Swedish
Jeong,Korean
Jephson,English
Jepson,English
Jernigan,"English,Welsh"
Jerome,English
Jervis,English
Jespersen,Danish
Jewel,English
Jewell,English
Jez,Polish
Jež,"Czech,Slovene"
Ježek,Czech
Jiang,Chinese
Jimenez,Spanish
Jin,Chinese
Jinks,English
Jo,Korean
Johansen,"Danish,Norwegian"
Johansson,Swedish
Johns,English
Johnson,English
Johnsson,"Icelandic,Swedish"
Johnston,Scottish
Joiner,English
Jokela,Finnish
Jokinen,Finnish
Jokumsen,Danish
Jollenbeck,German
Jonasen,Danish
Jonasson,Swedish
Jonckers,Dutch
Jones,"English,Welsh"
Jonker,Dutch
Jonkers,Dutch
Jonkheer,Dutch
Jonsson,Swedish
Joossens,Flemish
Joosten,Dutch
Jordan,"English,French,German,Jewish,Polish"
Jordà,Catalan
Josephs,English
Josephson,English
Joshi,"Gujarati,Hindi,Indian,Marathi,Nepali"
Joubert,French
Jovanović,Serbian
Joyner,English
Joó,Hungarian
Judd,English
Juhász,Hungarian
Jundt,German
Jung,German
Junge,German
Jurić,Croatian
Juriša,Croatian
Jusić,Bosnian
Juárez,Spanish
Jäger,"German,Jewish"
Järvi,Finnish
Järvinen,Finnish
Jó,Hungarian
Jóhannsson,Icelandic
Jónás,Hungarian
Jönsson,Swedish
Jørgensen,Danish
Kaczka,Polish
Kader,"Arabic,Czech"
Kadlec,Czech
Kahler,German
Kaiser,German
Kalb,German
Kalbfleisch,German
Kalmár,Hungarian
Kaloyanchev,Bulgarian
Kaloyanov,Bulgarian
Kaluza,Polish
Kaluža,Slovene
Kamiński,Polish
Kang,Korean
Kappel,"Dutch,German"
Kardos,Hungarian
Karga,Turkish
Karim,Arabic
Karimi,"Arabic,Persian"
Karl,German
Karlsen,Danish
Karlsson,Swedish
Karppinen,Finnish
Karstensen,Danish
Kartal,Turkish
Kasabian,Armenian
Kaspar,"German,Slovene"
Kaspersen,Danish
Kasprzak,Polish
Kassmeyer,German
Kasun,"Bosnian,Croatian,Serbian"
Katirci,Turkish
Kato,Japanese
Katona,Hungarian
Katou,Japanese
Katranjiev,Bulgarian
Katsaros,Greek
Katz,German
Kató,Hungarian
Kaube,German
Kaufer,German
Kauffmann,"German,Jewish"
Kaufman,"German,Jewish"
Kaur,Indian
Kava,Polish
Kavanagh,Irish
Kavanah,Irish
Kavanaugh,Irish
Kawaguchi,Japanese
Kay,English
Kayode,"Western,Yoruba"
Kašpar,"Czech,Slovene"
Kearney,Irish
Kecskeméti,Hungarian
Kedves,Hungarian
Kedzierski,"Polish,Ukrainian"
Keefe,Irish
Keegan,Irish
Keen,English
Keighley,English
Keil,German
Keir,Scottish
Keith,Scottish
Kelemen,Hungarian
Keller,"German,Hungarian"
Kelley,Irish
Kellogg,English
Kelly,"Irish,Scottish"
Kelsey,English
Kemp,English
Kempf,German
Kemény,Hungarian
Kendal,English
Kendall,English
Kendrick,"English,Scottish,Welsh"
Kennard,English
Kennedy,Irish
Kerekes,Hungarian
Kermit,Manx
Kermode,Manx
Kerner,German
Kerper,German
Kerr,Scottish
Kerry,English
Kersey,English
Kertész,Hungarian
Kerwar,German
Kerwer,German
Kevins,English
Kevinson,English
Kevorkian,Armenian
Key,English
Keys,English
Khachaturian,Armenian
Khoroushi,Persian
Kidd,"English,Scottish"
Kiefer,German
Kijek,Polish
Kikkert,Dutch
Kilduff,Irish
Killam,English
Killough,Irish
Kim,Korean
Kimball,English
Kimberley,English
Kimberly,English
Kimura,Japanese
King,English
Kingsley,English
Kingston,English
Kinley,Scottish
Kinnaird,Scottish
Kinsley,English
Kipling,English
Kirby,English
Kirchner,German
Király,Hungarian
Kis,Hungarian
Kiss,Hungarian
Kistler,German
Kistner,German
Kita,Japanese
Kitchen,English
Kitchens,English
Kjeldsen,Danish
Kjellsson,Swedish
Klaasen,Dutch
Kladivo,Czech
Klassen,Danish
Klasson,Swedish
Klausen,Danish
Kleid,"German,Jewish"
Klein,"Dutch,German,Jewish"
Klements,Slovene
Klerk,Dutch
Klerken,Dutch
Klerks,Dutch
Klerkse,Dutch
Klerkx,Dutch
Klerx,Dutch
Klima,Czech
Klimek,Polish
Klimy,Czech
Kloet,Dutch
Kloeten,Dutch
Klossner,German
Klímek,Czech
Knaggs,English
Knef,German
Kneib,German
Kneller,German
Knepp,German
Knežević,"Croatian,Serbian"
Knight,English
Knochenmus,German
Knopf,German
Knopp,German
Knudsen,Danish
Knutsen,Norwegian
Knutson,Swedish
Knutsson,Swedish
Kobayashi,Japanese
Koch,German
Kock,Low
Kocsis,Hungarian
Koeman,Dutch
Koemans,Dutch
Koenig,German
Koenigsmann,German
Kohl,German
Kohler,German
Kohout,Czech
Kohut,Ukrainian
Koizumi,Japanese
Kokinos,Greek
Kokot,Slovene
Kolar,"Croatian,Slovene"
Kolbe,German
Kolen,Dutch
Kolijn,Dutch
Kollen,Dutch
Kolář,Czech
Koning,Dutch
Konstantinov,"Bulgarian,Russian"
Kool,Dutch
Koole,Dutch
Koolen,Dutch
Kools,Dutch
Koopman,Dutch
Kopecky,Czech
Kopitar,Slovene
Kopp,German
Korhonen,Finnish
Korošec,Slovene
Korrapati,"Indian,Telugu"
Kosmatka,Polish
Kostelecky,Czech
Koszorús,Hungarian
Koumans,Dutch
Kovac,"Croatian,Czech,Serbian,Slovak"
Kovachev,Bulgarian
Kovač,"Croatian,Serbian,Slovene"
Kovách,Hungarian
Kovács,Hungarian
Kováts,Hungarian
Kováč,"Czech,Slovak"
Kovář,Czech
Kowalczyk,Polish
Kowalski,Polish
Kozel,"Slovene,Ukrainian"
Koziol,Polish
Kozlov,Russian
Kozlow,Polish
Kozlowski,Polish
Koç,Turkish
Košar,Croatian
Kraemer,German
Krakowski,"Jewish,Polish"
Krall,Czech
Kramer,"German,Jewish"
Kramr,Czech
Krantz,"Dutch,German,Jewish"
Kranz,"Dutch,German"
Krastev,Bulgarian
Kratochvil,Czech
Kraus,German
Krause,German
Krauss,German
Krauß,German
Kravitz,Jewish
Krebs,German
Krejci,Czech
Kristensen,Danish
Kristiansen,"Danish,Norwegian"
Kristoffersen,"Danish,Norwegian"
Krizman,Slovene
Križ,"Czech,Slovak,Slovene"
Kron,"German,Swedish"
Kruckel,German
Kruger,German
Krupin,Russian
Kruse,German
Krusen,Dutch
Krämer,German
Król,Polish
Kröger,Low
Krüger,"German,Low"
Kuang,Chinese
Kucera,Czech
Kudrna,Czech
Kuhn,German
Kuijpers,Dutch
Kuiper,Dutch
Kuipers,Dutch
Kulkarni,"Indian,Marathi"
Kulmala,Finnish
Kumar,"Assamese,Bengali,Gujarati,Hindi,Indian,Kannada,Malayalam,Marathi,Odia,Punjabi,Tamil,Telugu"
Kumiega,Polish
Kundakçi,Turkish
Kundert,German
Kunkel,German
Kunkle,German
Kuntz,German
Kunze,German
Kurosawa,Japanese
Kurucz,Hungarian
Kurzmann,German
Kuznetsov,Russian
Kwan,Chinese
Kwok,Chinese
Kyles,Scottish
Kynaston,English
Kysely,"Czech,Slovak"
Kádár,Hungarian
Kárpáthy,Hungarian
Kárpáti,Hungarian
Kárpáty,Hungarian
Kästner,German
Käufer,German
Kóbor,Hungarian
Köhl,German
Köhler,German
König,German
Königsmann,German
Kövér,Hungarian
Küchler,German
Küçük,Turkish
Laakkonen,Finnish
Laaksonen,Finnish
Labelle,French
Laberenz,German
Labriola,Italian
Lacey,English
Lachance,French
Lachapelle,French
Lacy,English
Lafrentz,German
Lafrenz,German
Laganà,Italian
Lager,Swedish
Lagomarsìno,Italian
Lagorio,Italian
Lagounov,Russian
Laguardia,Italian
Lagunov,Russian
Lahti,Finnish
Lakatos,Hungarian
Lam,Chinese
Lama,Italian
Lamar,"English,French"
Lambert,French
Lamberti,Italian
Lamon,Italian
Landau,"German,Jewish"
Landi,Italian
Lando,Italian
Landolfi,Italian
Landon,English
Landvik,Norwegian
Lane,"English,French,Irish"
Lang,"Danish,German,Norwegian"
Langbroek,Dutch
Langdon,English
Lange,"Danish,German,Norwegian"
Langenberg,"German,Swedish"
Langer,"German,Jewish"
Langlais,French
Langley,"American,English"
Langlois,French
Lanik,Czech
Laninga,Frisian
Lannon,Irish
Lantos,Hungarian
Lapointe,French
Larenz,German
Larsen,Danish
Larson,English
Larsson,Swedish
Larue,French
Laterza,Italian
Lau,Chinese
Laukkanen,Finnish
Laurent,French
Laurenz,German
Laurito,Italian
Lauritsen,Danish
Lauritz,German
Lauwens,Dutch
Lauwers,Dutch
Lavigne,French
Lavoie,French
Law,English
Lawerenz,German
Lawniczak,Polish
Lawrence,English
Lawrenz,German
Lawson,English
Layton,English
Lazarov,Bulgarian
Lazzari,Italian
Leach,English
Leandres,French
Leary,Irish
Leavitt,English
Lebeau,French
Leblanc,French
Lecce,Italian
Leccese,Italian
Leclair,French
Leclerc,French
Ledford,English
Lee,"Chinese,English,Korean"
Leeuwenhoek,Dutch
Lefebvre,French
Lefurgey,French
Lefèvre,French
Leggièri,Italian
Legrand,French
Lehmann,German
Lehrer,"German,Jewish"
Lehtonen,Finnish
Leifsson,"Icelandic,Swedish"
Leigh,English
Leighton,English
Leitner,German
Leitz,German
Leitzke,German
Lemaire,French
Lengyel,Hungarian
Lennon,Irish
Lennox,Scottish
Lenox,Scottish
Lenz,German
Leon,"English,French"
Leonard,English
Leonardsen,Norwegian
Leonardson,English
Leonardsson,Swedish
Leone,Italian
Leoni,Italian
Leroy,French
Lesauvage,French
Lesley,Scottish
Leslie,Scottish
Lester,Scottish
Lestrange,French
Leverenz,German
Levi,Jewish
Levine,Jewish
Levitt,English
Lewerentz,German
Lewerenz,German
Lewin,English
Lewis,"English,Welsh"
Leyton,English
Li,Chinese
Liao,Chinese
Lichtenberg,German
Lieberenz,German
Lim,Taiwanese
Lin,Chinese
Lincoln,English
Lindberg,Swedish
Linden,German
Lindgren,Swedish
Lindholm,Swedish
Lindon,English
Lindquist,Swedish
Lindsay,"English,Scottish"
Lindsey,"English,Scottish"
Lindström,Swedish
Linna,Finnish
Linton,English
Linville,French
Linwood,English
Lippi,Italian
Lis,Polish
Lister,Scottish
Lithgow,Scottish
Little,English
Liu,Chinese
Ljung,Swedish
Ljungborg,Swedish
Ljunggren,Swedish
Ljungman,Swedish
Ljungstrand,Swedish
Llewellyn,Welsh
Lloyd,Welsh
Llywelyn,Welsh
Lobo,"Portuguese,Spanish"
Locatelli,Italian
Lockwood,English
Loewe,German
Logan,Scottish
Lohrenz,German
Loman,English
Lombardi,Italian
London,English
Long,English
Longo,Italian
Longstaff,English
Lončar,"Croatian,Serbian,Slovene"
Lopez,Spanish
Lorentz,German
Lorenz,German
Lorenzen,"Danish,Low"
Loris,German
Loritz,German
Losa,Spanish
Losnedahl,Norwegian
Love,English
Lovel,English
Lovell,English
Lovász,Hungarian
Low,"English,Scottish"
Lowe,"English,Jewish,Scottish"
Lowell,English
Lowry,"English,Scottish"
Loyola,"Basque,Spanish"
Lu,Chinese
Lucas,"Dutch,English,French,Portuguese,Spanish"
Lucassen,Dutch
Ludvigsen,Danish
Ludwig,German
Lukeson,English
Lukić,Serbian
Lukska,Czech
Lukács,Hungarian
Lum,English
Lund,"Danish,English,Norwegian,Swedish"
Lundgren,Swedish
Lundquist,Swedish
Lungu,Romanian
Lupei,Romanian
Lupo,Italian
Lusk,Scottish
Luther,German
Luzzatto,Italian
Lykke,Danish
Lynch,Irish
Lyndon,English
Lyne,Scottish
Lynn,English
Lynton,English
Lynwood,English
Lyon,"English,French"
Làconi,Italian
Láska,"Czech,Slovak"
László,Hungarian
Lázár,Hungarian
Lång,Swedish
Lèmmi,Italian
Lécuyer,French
Lémieux,French
Lévesque,French
Lévêque,French
Lê,Vietnamese
Löfgren,Swedish
Löwe,German
Ma,Chinese
Maas,"Dutch,Low"
Mac,"Irish,Scottish"
Macangus,Scottish
Macar,Turkish
Macaslan,Scottish
Macbay,Scottish
Macbeth,Scottish
Macbride,Irish
Maccailín,"Irish,Scottish"
Maccallion,Scottish
Maccallum,Scottish
Maccance,Scottish
Maccarrick,Irish
Maccarthy,Irish
Macchruim,Scottish
Macclellan,"Irish,Scottish"
Macclelland,"Irish,Scottish"
Macclery,Irish
Macconnell,"Irish,Scottish"
Maccoughlan,Irish
Maccrum,Scottish
Maccrumb,Scottish
Macdaniel,Scottish
Macdermott,Irish
Macdonald,Scottish
Macdougall,Scottish
Maceachern,Scottish
Maceachthighearna,Scottish
Macek,Czech
Macentire,Scottish
Macey,English
Macfarland,"Irish,Scottish"
Macfarlane,"Irish,Scottish"
Macginnis,Irish
Macgowan,Irish
Macgregor,Scottish
Macgrory,"Irish,Scottish"
Macguinness,Irish
Macguire,Irish
Machado,"Portuguese,Spanish"
Machán,Czech
Macintyre,Scottish
Maciomhair,"Irish,Scottish"
Maciver,"Irish,Scottish"
Mackay,"Irish,Scottish"
Mackenna,Scottish
Mackenny,Scottish
Mackenzie,Scottish
Maclean,"Irish,Scottish"
Macleod,Scottish
Macmathan,Irish
Macneil,"Irish,Scottish"
Macnevin,Irish
Macqueen,"Irish,Scottish"
Macrae,"Irish,Scottish"
Macshuibhne,"Irish,Scottish"
Macwilliam,Scottish
Macy,English
Macías,Spanish
Madden,Irish
Maddison,English
Maddox,Welsh
Madeira,Portuguese
Madigan,Irish
Madison,English
Madsen,Danish
Maeda,Japanese
Maes,Flemish
Maessen,Dutch
Maestri,Italian
Mag,"Irish,Scottish"
Magalhães,Portuguese
Magee,"Irish,Scottish"
Magnusson,Swedish
Magorian,Irish
Magro,Italian
Maguire,Irish
Magyar,Hungarian
Mah,Chinese
Mahoney,Irish
Maier,"German,Jewish"
Majewski,Polish
Maki,Japanese
Maksimov,Russian
Malinowski,Polish
Malley,Irish
Mallon,Irish
Mallory,English
Malloye,Irish
Malone,Irish
Maly,"Czech,Polish"
Man,Chinese
Mancini,Italian
Manco,Italian
Mancuso,Sicilian
Mandel,"German,Jewish"
Mandelbaum,Jewish
Manfredi,Italian
Manfredonia,Italian
Mann,"English,German"
Mantovani,Italian
Maradona,Spanish
Marangoz,Turkish
Marchand,"English,French"
Marchegiano,Italian
Marchesi,Italian
Marchetti,Italian
Marchioni,Italian
Marconi,Italian
Marek,"Czech,Hungarian,Polish"
Mari,Italian
Maria,"Italian,Portuguese"
Mariani,Italian
Marie,French
Marino,"Italian,Spanish"
Marinos,Greek
Marinov,Bulgarian
Marion,French
Mark,English
Markey,Irish
Markov,"Bulgarian,Russian"
Marković,"Croatian,Serbian"
Markusson,Swedish
Markwardt,German
Markó,Hungarian
Marley,English
Marlow,English
Marlowe,English
Marmo,Italian
Marquardt,German
Marquering,"Dutch,German"
Marquerink,"Dutch,German"
Marsden,English
Marshall,English
Marston,English
Marszałek,Polish
Martel,"English,French"
Martell,"Catalan,English,German"
Martelli,Italian
Martin,"Czech,English,French,German"
Martinek,Czech
Martinelli,Italian
Martinez,Spanish
Martinov,Bulgarian
Martins,English
Martinson,English
Martinsson,Swedish
Martz,German
Martí,Catalan
Martínek,Czech
Martínez,Spanish
Maruska,Czech
Marušić,Croatian
Maruška,Czech
Marvin,Welsh
María,Spanish
Mas,"Catalan,Dutch,Low"
Masi,Italian
Masin,Italian
Mason,English
Massey,English
Masson,"French,Scottish"
Masters,"English,Scottish"
Masterson,English
Mata,"Catalan,Portuguese,Spanish"
Mataraci,Turkish
Mateev,Bulgarian
Mateu,Catalan
Mateus,Portuguese
Matevosian,Armenian
Mathers,English
Matheson,Scottish
Mathews,English
Mathewson,English
Mathiasen,Danish
Mathieson,Scottish
Mathieu,French
Matić,Croatian
Matos,"Jewish,Portuguese"
Matoušek,Czech
Matsumoto,Japanese
Matsuoka,Japanese
Matsushita,Japanese
Matthews,English
Matthewson,English
Matthiasen,Danish
Mattsson,Swedish
Matveev,Russian
Matějka,Czech
Maurer,German
Maus,German
Maxwell,Scottish
May,English
Mayer,"English,German,Jewish"
Mayes,English
Maynard,English
Mazza,Italian
Maçon,French
Maślanka,Polish
Mašek,Czech
Mcadams,"Irish,Scottish"
Mcafee,"Irish,Scottish"
Mcalister,"Irish,Scottish"
Mcarthur,Scottish
Mcbride,Irish
Mccabe,"Irish,Scottish"
Mccaig,"Irish,Scottish"
Mccallum,Scottish
Mccleary,Irish
Mcclellan,"Irish,Scottish"
Mcclelland,"Irish,Scottish"
Mcconnell,"Irish,Scottish"
Mccormick,"Irish,Scottish"
Mccoy,Scottish
Mccracken,"Irish,Scottish"
Mccrae,"Irish,Scottish"
Mccreery,"Irish,Scottish"
Mccrory,"Irish,Scottish"
Mccune,Irish
Mcdaniel,Scottish
Mcdermott,Irish
Mcdevitt,Irish
Mcdonald,Scottish
Mcdougall,Scottish
Mceachern,Scottish
Mcelligott,Irish
Mcewan,Scottish
Mcfarland,"Irish,Scottish"
Mcfarlane,"Irish,Scottish"
Mcfee,"Irish,Scottish"
Mcgee,"Irish,Scottish"
Mcgill,"Irish,Scottish"
Mcginnis,Irish
Mcgovern,Irish
Mcgowan,Irish
Mcgregor,Scottish
Mcguinness,Irish
Mcguire,Irish
Mcintyre,Scottish
Mciver,"Irish,Scottish"
Mckay,"Irish,Scottish"
Mckellar,Scottish
Mckendrick,Scottish
Mckenna,Scottish
Mckenzie,Scottish
Mckinley,Scottish
Mckinney,Scottish
Mckowen,Irish
Mclain,"Irish,Scottish"
Mclean,"Irish,Scottish"
Mcleod,Scottish
Mcmahon,Irish
Mcmanus,Irish
Mcnab,"Irish,Scottish"
Mcnabb,"Irish,Scottish"
Mcnamara,Irish
Mcnaughton,"Irish,Scottish"
Mcneal,"Irish,Scottish"
Mcnee,Irish
Mcneil,"Irish,Scottish"
Mcneill,"Irish,Scottish"
Mcniall,Irish
Mcniel,"Irish,Scottish"
Mcniven,Irish
Mcphee,"Irish,Scottish"
Mcqueen,"Irish,Scottish"
Mcrae,"Irish,Scottish"
Mcreynolds,"Irish,Scottish"
Mcsheehy,Irish
Mctaggart,"Irish,Scottish"
Mcwilliam,Scottish
Meadows,English
Meaney,Irish
Medeiros,Portuguese
Medina,Spanish
Medved,"Croatian,Russian,Slovak,Slovene"
Meeuwe,Dutch
Meeuwes,Dutch
Meeuwessen,Dutch
Meeuweszen,Dutch
Meeuwis,Dutch
Meeuwissen,Dutch
Meeuwsen,Dutch
Megalos,Greek
Meggyesfalvi,Hungarian
Meier,"German,Jewish"
Mein,German
Meindl,German
Meinhardt,German
Meir,Jewish
Meisner,"Dutch,German"
Meissner,German
Melendez,Spanish
Melo,Portuguese
Melsbach,German
Melville,Scottish
Melvin,Scottish
Mencher,"Jewish,Polish"
Mendel,"German,Jewish"
Mendelsohn,"German,Jewish"
Mendelssohn,"German,Jewish"
Mendes,Portuguese
Mendoza,"Basque,Spanish"
Menendez,Spanish
Mercer,English
Merchant,English
Mercier,French
Merckx,"Dutch,Flemish"
Merle,French
Merlo,"Italian,Spanish"
Merrick,Welsh
Merricks,Welsh
Merrill,English
Merritt,English
Mertens,"Dutch,Flemish,Low"
Messana,Italian
Messer,German
Messerli,German
Messmann,German
Messner,German
Metaxas,Greek
Metharom,Thai
Metz,German
Metzger,German
Meyer,"German,Jewish"
Meyrick,Scottish
Mhasalkar,"Indian,Marathi"
Miazga,Polish
Michael,English
Michaels,English
Michaelson,English
Michaud,French
Michel,"Basque,Dutch,French,German,Greek,Polish"
Michelakakis,Greek
Michelakis,Greek
Michelakos,Greek
Micheli,Italian
Midgley,English
Mihailović,Serbian
Mihajlović,Serbian
Mihaylov,Bulgarian
Mihov,Bulgarian
Mikaelsson,Swedish
Mikhailov,Russian
Mikkelsen,Danish
Mikolajczak,Polish
Milani,Italian
Milano,Italian
Milburn,English
Miles,English
Milford,English
Milić,"Croatian,Serbian"
Millard,English
Miller,English
Millhouse,English
Milligan,"Irish,Scottish"
Mills,English
Millward,English
Milojević,Serbian
Milovanović,Serbian
Milošević,Serbian
Milton,English
Minami,Japanese
Minett,English
Mingo,Spanish
Minkov,Bulgarian
Mishra,"Hindi,Indian,Marathi"
Misra,"Hindi,Indian"
Mitchell,"English,Irish,Scottish"
Miyamoto,Japanese
Mizushima,Japanese
Mlakar,"Croatian,Slovene"
Mlynarik,Czech
Modugno,Italian
Moffett,"Irish,Scottish"
Mohammed,Arabic
Mohan,Irish
Mohren,"Dutch,German"
Moles,"Catalan,Spanish"
Molina,Spanish
Mollown,Irish
Molloy,Irish
Molnár,Hungarian
Moloney,Irish
Monaghan,Irish
Monahan,Irish
Mondadori,Italian
Monday,"English,Irish"
Mondo,Italian
Mondy,English
Monet,French
Monette,French
Monroe,Scottish
Montagna,Italian
Montagne,French
Montana,Italian
Montanari,Italian
Monte,Italian
Montero,Spanish
Montgomery,"English,Scottish"
Monti,Italian
Moon,Korean
Mooney,Irish
Moore,English
Mooren,Dutch
Moores,English
Moors,English
Mooshian,Armenian
Morales,Spanish
Moralez,Spanish
Morandi,Italian
Moravec,Czech
Moray,Scottish
Morce,English
Moreau,French
Morel,French
Morello,Italian
Moreno,"Portuguese,Spanish"
Moretti,Italian
Morgan,Welsh
Morgenstern,"German,Jewish"
Mori,Japanese
Moriarty,Irish
Morin,English
Morison,English
Morra,Italian
Morris,"English,Irish,Scottish,Welsh"
Morrish,English
Morrison,English
Morriss,English
Morse,English
Mortensen,Danish
Moschella,Italian
Mosconi,Italian
Moser,German
Moses,"English,Jewish"
Moto,Japanese
Motta,Italian
Mottershead,English
Mould,English
Moulin,French
Mounce,English
Moushian,Armenian
Mozdzierz,Polish
Mueller,German
Muggia,Italian
Muhammad,Arabic
Muhlfeld,German
Mulder,Dutch
Mullane,Irish
Mullen,Irish
Mulligan,Irish
Mullins,"French,Irish"
Mulloy,Irish
Mulrennan,Irish
Mulryan,Irish
Mun,Korean
Munro,Scottish
Munroe,Scottish
Munson,English
Muraro,Italian
Murdoch,Scottish
Murdock,Irish
Murgatroyd,English
Murgia,Italian
Murphy,Irish
Murray,Scottish
Murtas,Italian
Musiał,Czech
Musil,Czech
Mustonen,Finnish
Mutton,English
Muyskens,Dutch
Myers,English
Myles,English
Mynatt,English
Myska,Czech
Márquez,Spanish
Márton,Hungarian
Máselník,Czech
Mäkelä,Finnish
Mäkinen,Finnish
Mårdh,Swedish
Méndez,Spanish
Mészáros,Hungarian
Möller,Low
Møller,Danish
Müller,German
Nacar,Italian
Naess,Norwegian
Nagarkar,"Indian,Marathi"
Nagel,"Dutch,German"
Naggi,Italian
Naggia,Italian
Nagi,Arabic
Nagy,Hungarian
Nakahara,Japanese
Nakajima,Japanese
Nakamura,Japanese
Nakano,Japanese
Nakashima,Japanese
Naldi,Italian
Nana,Italian
Nani,Italian
Nanni,Italian
Nannini,Italian
Naoumov,"Bulgarian,Russian"
Napoleoni,Italian
Napoletani,Italian
Napoli,Italian
Napoliello,Italian
Narang,"Hindi,Indian"
Nardi,Italian
Nardo,Italian
Nardovino,Italian
Narváez,Spanish
Nasato,Italian
Nascimbene,Italian
Nascimbeni,Italian
Nash,English
Nass,Norwegian
Natale,Italian
Nathans,English
Nathanson,English
Naumov,"Bulgarian,Russian"
Nave,Italian
Navrátil,Czech
Nazaretian,Armenian
Nazarian,Armenian
Nazario,Italian
Neal,English
Necchi,Italian
Nedbalek,Czech
Nedvěd,Czech
Negrescu,Romanian
Negri,Italian
Negrini,Italian
Neil,"English,Irish,Scottish"
Nejem,Arabic
Nelissen,Dutch
Nelli,Italian
Nelson,English
Nemec,Czech
Nemes,Hungarian
Nemeček,Czech
Nenci,Italian
Nepi,Italian
Neri,Italian
Neroni,Italian
Nervetti,Italian
Nervi,Italian
Nespola,Italian
Ness,"English,Norwegian,Scottish"
Neuman,"German,Jewish"
Neumann,German
Neville,"English,Irish"
Nevin,"Irish,Scottish"
Newell,"English,Irish"
Newman,English
Newport,English
Newton,English
Ng,Chinese
Ngo,Vietnamese
Nguyen,Vietnamese
Nguyễn,Vietnamese
Ngô,Vietnamese
Nibhanupudi,"Indian,Telugu"
Nicastro,Italian
Nicchi,Italian
Nichols,English
Nicholson,English
Nicodemo,Italian
Nicolai,Italian
Nicolas,French
Nicolescu,Romanian
Nicolosi,Italian
Nicolson,English
Nicosia,Italian
Nicotera,Italian
Nieddu,Italian
Nielsen,Danish
Nielson,English
Niemczyk,Polish
Niemec,Polish
Nieminen,Finnish
Nieri,Italian
Nieves,Spanish
Nifterick,Dutch
Nifterik,Dutch
Niftrik,Dutch
Nigel,English
Nigro,Italian
Niklasson,Swedish
Nikolaev,"Bulgarian,Russian"
Nikolajsen,Danish
Nikolić,"Croatian,Serbian"
Nikolov,Bulgarian
Nikula,Finnish
Niles,English
Nilsen,Norwegian
Nilsson,Swedish
Nishimura,Japanese
Nisi,Italian
Niven,"Irish,Scottish"
Nixon,English
Nizzola,Italian
Noel,"English,French"
Noguerra,"Catalan,Spanish"
Nolan,Irish
Nordskov,Danish
Norling,Swedish
Norman,English
Normanson,English
Normansson,Swedish
Norris,"English,Scottish"
North,English
Northrop,English
Norton,English
Norup,Danish
Norwood,English
Noschese,Italian
Nosek,"Czech,Polish"
Notaro,Italian
Notoriano,Italian
Novak,"Croatian,Serbian,Slovene"
Novosad,Czech
Novotny,Czech
Novák,"Czech,Hungarian,Slovak"
Nováček,Czech
Nowak,Polish
Nowell,English
Nunes,Portuguese
Nuremberg,German
Nurmi,Finnish
Nussbaum,"German,Jewish"
Nussenbaum,"German,Jewish"
Nye,English
Nyilas,Hungarian
Nyitrai,Hungarian
Nykvist,Swedish
Nylund,"Finnish,Swedish"
Nyström,Swedish
Næss,Norwegian
Német,Hungarian
Németh,Hungarian
Nørup,Danish
Núñez,Spanish
O'beirne,Irish
O'berne,Irish
O'boyle,Irish
O'brian,Irish
O'brien,Irish
O'byrne,Irish
O'callaghan,Irish
O'clery,Irish
O'connell,Irish
O'connor,Irish
O'donnell,Irish
O'doyle,Irish
O'gorman,Irish
O'hanegan,Irish
O'hanigan,Irish
O'hannagain,Irish
O'hannagan,Irish
O'hannegan,Irish
O'hannigain,Irish
O'hannigan,Irish
O'hara,Irish
O'hearn,Irish
O'kane,Irish
O'keefe,Irish
O'leary,Irish
O'malley,Irish
O'mooney,Irish
O'neal,Irish
O'neill,Irish
O'niall,Irish
O'reilly,Irish
O'shea,Irish
O'sullivan,Irish
O'toole,Irish
Oakley,English
Obama,"Eastern,Luo"
Obando,Spanish
Oberst,German
Oberti,Italian
Oberto,Italian
Ochoa,"Basque,Spanish"
Odell,English
Oelberg,German
Offermans,Dutch
Ogden,English
Ognianov,Bulgarian
Ognyanov,Bulgarian
Ogtrop,Dutch
Ohme,German
Ojeda,Spanish
Ola,"Basque,Spanish"
Olander,Swedish
Olasz,Hungarian
Olayinka,"Western,Yoruba"
Oleastro,Spanish
Olesen,Danish
Olguin,Spanish
Olhouser,"English,Norwegian"
Oliver,"Catalan,English,French,German,Scottish"
Oliversen,Norwegian
Oliverson,English
Oliversson,Swedish
Olivier,French
Olmo,Spanish
Olmos,Spanish
Olofsdotter,Swedish
Olofsson,Swedish
Olsen,Danish
Olson,"Danish,Swedish"
Olsson,Swedish
Olvirsson,Icelandic
Omdahl,Norwegian
Ongaro,Italian
Oomen,Dutch
Oorschot,Dutch
Opeyemi,"Western,Yoruba"
Oppenheimer,German
Oquendo,Spanish
Orbán,Hungarian
Orellana,Spanish
Orenstein,Yiddish
Oriol,Catalan
Orlando,Italian
Orlov,Russian
Orman,Irish
Ormond,Irish
Ormonde,Irish
Orosz,Hungarian
Orsini,Italian
Ortega,Spanish
Ortiz,Spanish
Osborne,English
Osbourne,English
Oshiro,Japanese
Ostberg,Norwegian
Ostrowski,Polish
Otis,English
Ott,"English,German"
Otten,Dutch
Otto,German
Ottosen,"Danish,Norwegian"
Ottosson,Swedish
Oursler,German
Outlaw,English
Outterridge,English
Overton,English
Ovesen,Norwegian
Owen,Welsh
Owens,Welsh
Owston,English
Ozolinsh,Latvian
Ozoliņš,Latvian
Pabst,German
Pace,Italian
Pachis,Greek
Paddon,English
Padmore,English
Padovan,Italian
Padovano,Italian
Pagani,Italian
Pagano,Italian
Page,"English,French"
Paget,"English,French"
Pahlke,German
Paige,English
Pajari,Finnish
Pakulski,Polish
Palladino,Italian
Pallesen,Danish
Palmeiro,Portuguese
Palmer,English
Palmisano,Italian
Palomer,Provençal
Palomo,Spanish
Palumbo,Italian
Pan,"Chinese,Provençal"
Pander,Dutch
Panders,Dutch
Pandev,Macedonian
Panossian,Armenian
Panzavecchia,Italian
Papadopoulos,Greek
Pape,French
Papke,German
Papp,"German,Hungarian"
Paquet,French
Paredes,"Portuguese,Spanish"
Parent,"English,French"
Paris,"English,French"
Parish,English
Parisi,Italian
Park,"English,Korean"
Parker,English
Parks,English
Parma,Italian
Parodi,Italian
Parri,Italian
Parrino,Italian
Parris,"English,French"
Parrish,English
Parry,Welsh
Parsamyan,Armenian
Parsons,English
Partanen,Finnish
Pascal,"French,Jewish"
Passerini,Italian
Pasternack,"Jewish,Polish"
Pasternak,"Polish,Russian,Ukrainian,Yiddish"
Pastore,Italian
Paszek,Polish
Pataki,Hungarian
Patel,"Gujarati,Indian"
Patenaude,French
Paternoster,"English,French,German,Italian"
Paterson,"English,Scottish"
Patil,"Indian,Marathi"
Patrick,English
Patrickson,English
Patriksson,Swedish
Patterson,"English,Scottish"
Patton,"English,Scottish"
Paul,"Dutch,English,French,German"
Paulis,"Dutch,German"
Paulissen,Dutch
Paulson,English
Pavesi,Italian
Pavia,Spanish
Pavletić,Croatian
Pavlov,"Bulgarian,Russian"
Pavlović,"Croatian,Serbian"
Pavone,Italian
Pavoni,Italian
Pawlitzki,German
Payne,"English,Irish,Scottish"
Payton,English
Peacock,English
Peak,English
Pearce,English
Pearson,English
Pecháček,Czech
Peck,English
Pecora,Italian
Pedersen,"Danish,Norwegian"
Pedrotti,Italian
Peerenboom,Dutch
Peeters,"Dutch,Flemish"
Pekkanen,Finnish
Pellegrino,Italian
Pelletier,French
Pelley,English
Peláez,Spanish
Pemberton,English
Pender,"Dutch,English"
Penders,Dutch
Pennders,Dutch
Penner,Dutch
Penners,Dutch
Penny,English
Pensak,Yiddish
Pentti,Finnish
Penzag,Yiddish
Penzak,Yiddish
Penzig,"German,Yiddish"
Penzik,Yiddish
Pereira,Portuguese
Perez,Spanish
Perkins,English
Perko,"Croatian,Slovene"
Perrault,French
Perreault,French
Perrot,French
Perry,"English,Welsh"
Persson,Swedish
Perugia,Italian
Pesaresi,Italian
Pesaro,Italian
Pesce,Italian
Pesti,Hungarian
Pesty,Hungarian
Peter,"Dutch,English,German"
Peters,"English,German"
Petersen,Danish
Peterson,English
Petersson,Swedish
Petes,Hungarian
Pethes,Hungarian
Petit,"Catalan,English,French"
Petran,Romanian
Petrescu,Romanian
Petri,Italian
Petrić,Croatian
Petrosyan,Armenian
Petrov,"Bulgarian,Russian"
Petrović,"Croatian,Serbian"
Pettersson,Swedish
Pettigrew,"English,French"
Pető,Hungarian
Petőcs,Hungarian
Petőfi,Hungarian
Peura,Finnish
Peusen,Dutch
Peyni̇rci̇,Turkish
Peyton,English
Peña,Spanish
Pešek,Czech
Pfaff,German
Pfenning,German
Phan,Vietnamese
Phelps,English
Pherigo,Italian
Philips,"Dutch,English"
Phillips,English
Phạm,Vietnamese
Piatek,Polish
Piazza,Italian
Picasso,Catalan
Piccirillo,Italian
Piccoli,Italian
Pickering,English
Pickle,English
Pierce,English
Pierno,Italian
Pierre,French
Pierson,English
Pietri,Italian
Pilkvist,Swedish
Pinheiro,Portuguese
Pinho,Portuguese
Pini,Italian
Piontek,Polish
Piovene,Italian
Piper,English
Piraino,Italian
Pisani,Italian
Pittaluga,Italian
Pitts,English
Plamondon,French
Plank,"English,German"
Plaskett,English
Platt,English
Pletcher,German
Plešec,Slovene
Pleško,Slovene
Plourde,French
Pocock,English
Podsednik,Czech
Poggi,Italian
Poggio,Italian
Poindexter,English
Poingdestre,Jèrriais
Poirier,French
Pokorni,Hungarian
Pokorny,"Czech,Polish,Slovak"
Polak,Czech
Poletti,Italian
Polley,English
Pololanik,Czech
Polzin,Russian
Pond,English
Pontecorvo,"Italian,Jewish"
Poole,English
Pope,English
Popescu,Romanian
Poplawski,Polish
Popov,"Bulgarian,Russian"
Porcher,"English,French"
Porra,Catalan
Porras,"Catalan,Spanish"
Porsche,German
Portelli,Italian
Porter,English
Portner,German
Porto,Italian
Portoghese,Italian
Pospíšil,Czech
Potenza,Italian
Potter,English
Pottinger,Scottish
Poulin,French
Poulsen,Danish
Pound,English
Powell,Welsh
Power,"English,Irish"
Powers,"English,Irish"
Pozzi,Italian
Pratt,English
Pražak,Czech
Prebensen,"Danish,Norwegian"
Prescott,English
Presley,English
Pressley,English
Preston,English
Price,Welsh
Prichard,Welsh
Priddy,Welsh
Priestley,English
Prieto,Spanish
Prinsen,Dutch
Prinz,"German,Jewish"
Pritchard,Welsh
Probert,Welsh
Procházka,"Czech,Slovak"
Profeta,Italian
Prohászka,Hungarian
Prosdocimi,Italian
Protz,German
Proudfoot,English
Proulx,French
Provenza,Italian
Provenzano,Italian
Pryce,Welsh
Pryor,English
Puerta,Spanish
Puga,Spanish
Pugh,Welsh
Pugliese,Italian
Puig,"Catalan,Spanish"
Pulkrábek,Czech
Pulnik,Czech
Purcell,English
Puskás,Hungarian
Pusztai,Hungarian
Putnam,English
Pál,Hungarian
Pásztor,Hungarian
Pék,Hungarian
Pérez,Spanish
Péter,Hungarian
Quaranta,Italian
Quattrocchi,Italian
Queen,"English,Irish"
Queshire,English
Quick,English
Quickley,"English,Irish"
Quigg,Irish
Quigley,Irish
Quincey,English
Quincy,English
Quinlan,Irish
Quinn,Irish
Quinones,Spanish
Quintana,"Catalan,Spanish"
Quirk,Irish
Quirke,Irish
Quirós,Spanish
Radcliff,English
Radclyffe,English
Rademacher,German
Rademaker,"Dutch,German"
Rademakers,Dutch
Radev,Bulgarian
Radić,"Croatian,Serbian"
Radkov,Bulgarian
Rafferty,Irish
Ragno,Italian
Ragnvaldsson,Swedish
Raimondi,Italian
Raines,English
Rains,English
Rais,Italian
Rake,English
Rakes,English
Ralston,Scottish
Ramaaker,Dutch
Ramaker,Dutch
Ramakers,Dutch
Ramecker,Dutch
Rameckers,Dutch
Ramires,Portuguese
Ramos,Spanish
Ramsay,Scottish
Ramsey,"English,Scottish"
Ramírez,Spanish
Rana,"Italian,Spanish"
Randal,English
Randall,English
Randell,English
Randrup,Danish
Raneri,Italian
Ranta,Finnish
Rao,"Indian,Italian,Kannada,Telugu"
Rapallino,Italian
Rapp,"German,Jewish,Swedish"
Raptis,Greek
Rask,Danish
Raske,"Danish,Dutch,German,Norwegian"
Raskob,German
Raskop,German
Raskoph,German
Rasmussen,"Danish,Norwegian"
Ratti,Italian
Rattray,Scottish
Rautio,Finnish
Ravenna,Italian
Ray,English
Rayne,English
Raynerson,English
Read,English
Readdie,English
Ready,"English,Irish,Scottish"
Reagan,Irish
Reece,Welsh
Reed,English
Reenberg,Danish
Rees,Welsh
Reese,Welsh
Reeve,English
Regan,Irish
Regenbogen,"German,Jewish"
Reha,Czech
Reid,Scottish
Reier,"English,German"
Reiher,German
Reijnder,"Dutch,Frisian"
Reijnders,"Dutch,Frisian"
Reilly,Irish
Reinder,"Dutch,Frisian"
Reinders,"Dutch,Frisian"
Reis,Jewish
Reiter,German
Renaud,French
Rendón,Spanish
Rennell,English
Rennold,English
Rennoll,English
Resnik,Slovene
Rettig,German
Reuter,"German,Jewish"
Revie,English
Rey,"Catalan,English,French,Spanish"
Reyer,French
Reyes,Spanish
Reynder,"Dutch,Frisian"
Reynders,"Dutch,Frisian"
Reynell,English
Reynolds,English
Rhee,Korean
Rhodes,English
Rhydderch,Welsh
Ribeiro,Portuguese
Riber,Danish
Ricchetti,Italian
Ricci,Italian
Rice,Welsh
Richard,"Dutch,English,French,German"
Richards,English
Richardson,English
Richelieu,French
Richter,German
Rickard,English
Rider,English
Ridley,English
Rier,"English,German"
Riese,"German,Jewish"
Rietveld,Dutch
Rigby,English
Riggi,Italian
Righi,Italian
Rigó,Hungarian
Rijnder,"Dutch,Frisian"
Rijnders,"Dutch,Frisian"
Riley,"English,Irish"
Rimmer,English
Rinaldi,Italian
Rinne,"Finnish,Irish"
Rios,"Portuguese,Spanish"
Ritter,German
Riva,Italian
Rivera,Spanish
Rivero,Spanish
Rizzo,Italian
Roach,English
Robbins,English
Robert,"Dutch,English,French"
Roberts,English
Robertsen,Danish
Robertson,English
Robertsson,"Icelandic,Swedish"
Robinson,English
Robledo,Spanish
Robles,Spanish
Robson,English
Robustelli,Italian
Rocca,Italian
Rocchi,Italian
Rocco,Italian
Rocha,"Galician,Portuguese"
Roche,French
Roderick,English
Rodgers,English
Rodrigues,Portuguese
Rodriquez,Spanish
Rodríguez,Spanish
Rogers,English
Rogerson,English
Roggeveen,Dutch
Roig,Catalan
Roijacker,Dutch
Roijackers,Dutch
Roijakker,Dutch
Roijakkers,Dutch
Rojas,Spanish
Rojo,Spanish
Roldán,Spanish
Rollins,English
Rolvsson,Norwegian
Roma,Italian
Romagna,Italian
Romagnoli,Italian
Romano,Italian
Romanov,Russian
Rome,"English,French"
Romeijn,Dutch
Romeijnders,Dutch
Romeijnsen,Dutch
Romero,"Italian,Spanish"
Romijn,Dutch
Romijnders,Dutch
Romijnsen,Dutch
Romilly,"English,French"
Rompa,Dutch
Romà,Catalan
Romão,Portuguese
Roncalli,Italian
Ronchi,Italian
Rooiakker,Dutch
Rooiakkers,Dutch
Rooijakker,Dutch
Rooijakkers,Dutch
Roosa,Dutch
Roosevelt,Dutch
Rosa,"Catalan,Italian"
Rosales,Spanish
Rosario,Portuguese
Roscoe,English
Rose,"English,French,German,Jewish,Scottish"
Rosenberg,"German,Jewish"
Rosenberger,"German,Jewish"
Rosenfeld,"German,Jewish"
Ross,"English,Scottish"
Rossi,Italian
Rossini,Italian
Rostami,Persian
Rot,"German,Jewish"
Roth,"German,Jewish"
Rothbauer,German
Rothenberg,"German,Jewish"
Rothschild,"German,Jewish"
Rotolo,Italian
Rounds,English
Rousseau,French
Roux,French
Rovigatti,Italian
Rowan,Irish
Rowbottom,English
Rowe,"English,Irish,Scottish"
Rowland,English
Rowntree,English
Roxas,Filipino
Roy,"English,French,Scottish"
Royce,English
Royceston,English
Roydon,English
Royer,French
Royle,English
Royston,English
Ruan,Chinese
Ruane,Irish
Rubio,Spanish
Rudaski,Polish
Rudawski,Polish
Ruggeri,Italian
Ruggles,English
Ruiz,Spanish
Rundstrom,Swedish
Ruoho,Finnish
Ruotsalainen,Finnish
Rupertson,English
Rupertsson,Swedish
Rush,English
Ruskin,"English,Scottish"
Rusnak,Polish
Russel,English
Russell,English
Russo,Italian
Rustici,Italian
Rutherford,Scottish
Rutherfurd,Scottish
Rutkowski,Polish
Rutten,Dutch
Ruud,Norwegian
Ruzsa,Hungarian
Ruzzier,Italian
Ryan,Irish
Rybár,Slovak
Rybář,Czech
Ryder,English
Rye,English
Ryer,English
Ryers,English
Ryley,English
Ryskamp,Dutch
Ré,Italian
Róg,Polish
Rózsa,Hungarian
Růžička,Czech
Saab,Arabic
Saari,Finnish
Sabbadin,Italian
Sacco,Italian
Sachs,German
Sackville,English
Sadik,Turkish
Sadler,English
Sadowski,Polish
Saito,Japanese
Sala,"Catalan,Italian,Romanian,Spanish"
Salamanca,Spanish
Salamon,Hungarian
Salazar,"Portuguese,Spanish"
Salcedo,Spanish
Salinas,Spanish
Saller,German
Salmon,"English,French"
Salomon,"French,Jewish"
Salucci,Italian
Salvage,"English,French"
Salvaggi,Italian
Salvai,Italian
Salvail,Italian
Salvatici,Italian
Salvay,Italian
Salzwedel,German
Samara,Arabic
Sampson,English
Sams,English
Samsa,Hungarian
Samson,"Dutch,English,French,Jewish"
Samuel,"English,French,German,Jewish"
Samuels,English
Samuelson,English
San,Spanish
Sanchez,Spanish
Sander,German
Sanders,English
Sanderson,English
Sandford,English
Sandoval,Spanish
Sands,English
Sanford,English
Sangster,"English,Scottish"
Sanna,"Dutch,Greek,Italian"
Sansone,Italian
Santana,"Portuguese,Spanish"
Santiago,"Portuguese,Spanish"
Santillian,Spanish
Santini,Italian
Santo,Italian
Santoro,Italian
Santos,"Portuguese,Spanish"
Sapienti,Italian
Sappington,English
Saqqaf,Arabic
Sargent,"English,French"
Sarka,"Czech,Hungarian"
Sarkisian,Armenian
Sarkozi,French
Sarkozy,French
Sarno,Italian
Sarti,Italian
Sartini,Italian
Sarto,Italian
Sartre,French
Sas,Hungarian
Sasaki,Japanese
Sasha,Czech
Sass,Hungarian
Sastre,Spanish
Sato,Japanese
Sauber,German
Sault,French
Saunders,"English,Scottish"
Sauvage,"English,French"
Sauvageau,French
Sauvageon,French
Sauvageot,French
Sauveterre,French
Savage,English
Savatier,French
Savege,English
Savidge,English
Savona,Italian
Sawyer,English
Sayer,Welsh
Saylor,English
Scarlett,English
Scarpa,Italian
Scarsi,Italian
Scavo,Italian
Scheer,German
Scheinberg,"German,Jewish"
Schenck,"Dutch,German,Jewish"
Schermer,"Dutch,Low"
Schindler,"German,Jewish"
Schirmer,German
Schlender,German
Schlimme,German
Schlusser,German
Schmeling,German
Schmid,German
Schmidt,German
Schmitt,German
Schmitz,German
Schneider,"German,Jewish"
Schneiders,Dutch
Schneijder,Dutch
Schnoor,German
Schnur,"German,Jewish"
Schoettmer,German
School,"English,Scottish"
Schoonenburg,Dutch
Schoonraad,Dutch
Schoorel,Dutch
Schoorl,Dutch
Schorel,Dutch
Schovajsa,Czech
Schrader,Low
Schreck,German
Schreier,"German,Jewish"
Schrijnemakers,Dutch
Schroeder,German
Schroeter,German
Schräder,Low
Schröder,"German,Low"
Schröter,German
Schubert,German
Schuchard,German
Schuchardt,German
Schuchert,German
Schuhart,German
Schuhmacher,German
Schuler,German
Schult,Low
Schulte,Low
Schultes,German
Schultheis,German
Schultheiss,German
Schultheiß,German
Schultz,German
Schultze,German
Schulz,German
Schulze,German
Schumacher,German
Schuster,German
Schuttmann,German
Schuyler,Dutch
Schwangau,German
Schwartz,German
Schwarz,"German,Jewish"
Schwarzenberg,Dutch
Schwarzenegger,German
Schwenke,German
Schwinghammer,German
Schäfer,German
Sciacca,Italian
Sciacchitano,Italian
Sciarra,Italian
Scordato,Italian
Scott,"English,Scottish"
Scotti,Italian
Scriven,English
Scrivener,English
Scrivenor,English
Scrivens,English
Scully,Irish
Scutese,Italian
Seabrooke,English
Seaver,English
Sebastiani,Italian
Sebastino,Italian
Sedlak,Czech
Sedláček,Czech
Seeger,German
Seegers,Dutch
Seelen,Dutch
Seelenfreund,"German,Jewish"
Segal,"French,Jewish"
Segers,Dutch
Seghers,Dutch
Segreti,Italian
Seidel,"German,Jewish"
Selby,English
Selmone,Italian
Selvaggio,Italian
Sempers,English
Senft,German
Senior,English
Seppä,Finnish
Seppänen,Finnish
Sepúlveda,Spanish
Serafim,Portuguese
Serafin,"Italian,Polish"
Serafini,Italian
Seres,Hungarian
Sergeant,"English,French"
Serpico,Italian
Sessa,Italian
Sessions,English
Severijns,Dutch
Severins,Dutch
Sevriens,Dutch
Sevčik,Czech
Seward,"English,Irish"
Sewick,Ukrainian
Sexton,English
Seymour,English
Sgro,Italian
Shafir,Jewish
Shain,Jewish
Shakesheave,English
Shannon,Irish
Shapiro,Jewish
Sharma,"Assamese,Bengali,Gujarati,Hindi,Indian,Kannada,Malayalam,Marathi,Nepali,Tamil,Telugu"
Sharman,English
Sharrow,English
Shaw,English
Shea,Irish
Sheach,"Irish,Scottish"
Sheedy,Irish
Sheehy,Irish
Sheenan,Irish
Sheinfeld,"German,Jewish"
Shelby,English
Shelton,English
Shepard,English
Shepherd,English
Sheppard,English
Sherazi,Persian
Sherburne,English
Sheridan,Irish
Sherman,"English,Jewish"
Shimizu,Japanese
Shine,"English,Irish"
Short,English
Shriver,German
Shwetz,Ukrainian
Siddall,English
Sidney,English
Siegel,"German,Jewish"
Sieger,German
Siekert,German
Siemon,German
Siena,Italian
Sienkiewicz,Polish
Sierra,Spanish
Sierzant,Polish
Sigurdsson,Icelandic
Sigurðsson,Icelandic
Silje,Norwegian
Silva,"Portuguese,Spanish"
Silveira,Portuguese
Silverstein,"German,Jewish"
Silvestri,Italian
Simen,German
Simeonov,Bulgarian
Simmon,German
Simmons,English
Simms,English
Simon,"Czech,Dutch,English,French,German,Hungarian,Jewish"
Simoneit,Lithuanian
Simonides,Greek
Simonis,"Dutch,Lithuanian"
Simons,"English,German"
Simonsen,"Danish,Norwegian"
Simonson,English
Simonsson,Swedish
Simpkin,English
Simpson,English
Sims,English
Simões,Portuguese
Sinagra,Italian
Sinclair,English
Singh,"Hindi,Indian,Marathi,Punjabi"
Sipos,Hungarian
Siskin,"German,Jewish"
Siskind,"German,Jewish"
Sitko,Polish
Sitz,"German,Jewish"
Skala,"Czech,Polish"
Skalicky,"Czech,Slovak"
Skeates,Scottish
Skinner,English
Skjeggestad,Norwegian
Skovgaard,Danish
Slane,Irish
Slaski,Polish
Slater,English
Slavik,"Czech,Slovak"
Slavkov,Bulgarian
Slezák,Czech
Sloan,Irish
Sloane,Irish
Slootmaekers,"Dutch,Flemish"
Slovak,Czech
Slovaček,Czech
Slusser,German
Small,English
Smalls,English
Smedley,English
Smeets,Dutch
Smets,Dutch
Smit,Dutch
Smith,English
Smits,Dutch
Smolák,"Czech,Polish"
Smythe,English
Snaaijer,Dutch
Snaijer,Dutch
Sneiders,Dutch
Sneijder,Dutch
Sneijders,Dutch
Sneijer,Dutch
Sneijers,Dutch
Snell,Dutch
Snelling,English
Snider,English
Sniders,English
Sniegowski,Polish
Snijder,Dutch
Snijders,Dutch
Snyder,English
Snyders,English
Soares,Portuguese
Sobol,"Jewish,Polish"
Sokal,Polish
Sokol,"Czech,Jewish"
Sokoll,Jewish
Sokolof,Jewish
Sokoloff,Jewish
Sokolov,"Bulgarian,Russian,Ukrainian"
Sokolovsky,Russian
Sokolsky,Jewish
Sokołowski,Polish
Sokół,Polish
Solak,Turkish
Solberg,"Danish,German,Norwegian,Swedish"
Soldati,Italian
Soler,"Catalan,Occitan"
Solo,Basque
Solomon,"English,Jewish"
Solos,Spanish
Somma,Italian
Sommer,"German,Low"
Somogyi,Hungarian
Song,"Chinese,Korean"
Sonnen,German
Sordi,Italian
Sorenson,"Danish,Swedish"
Sorg,German
Sorge,German
Soriano,Italian
Sorrentino,Italian
Soto,Spanish
Soucy,French
Soun,Khmer
Southers,English
Southgate,English
Souza,Portuguese
Souček,Czech
Sovány,Hungarian
Sowards,English
Spada,Italian
Spalding,"English,Scottish"
Spannagel,German
Spanò,Italian
Sparacello,Italian
Sparks,English
Spear,English
Spearing,English
Spears,English
Specht,"Dutch,German"
Speight,English
Spellmeyer,German
Spence,English
Spencer,English
Speziale,Italian
Spijker,Dutch
Spiker,Dutch
Spillum,Norwegian
Spini,Italian
Spiros,Greek
Spitznogle,"German,Jewish"
Sponaugle,German
Spooner,English
Spurling,English
St,"English,French"
Stabile,Italian
Stablum,Italian
Stacey,English
Stack,English
Stacks,English
Stacy,English
Stafford,English
Stainthorpe,English
Stamp,English
Stanek,"Czech,Polish"
Stanev,Bulgarian
Stanford,English
Stankić,"Croatian,Serbian"
Stanley,English
Stanton,English
Starek,Polish
Stark,"English,German"
Starosta,Czech
Starr,English
Starrett,Scottish
Stasiuk,Ukrainian
Statham,English
Stauss,German
Stavros,Greek
Stawski,Polish
Steed,English
Steele,English
Steen,Low
Steensen,"Danish,Norwegian"
Stefanov,Bulgarian
Stefanović,Serbian
Stefansen,Danish
Stefansson,Swedish
Steffen,"English,Low"
Steffensen,Danish
Stefánsson,Icelandic
Stein,"German,Jewish"
Steinmann,German
Steinsson,Icelandic
Stenberg,"Danish,Swedish"
Stendahl,Swedish
Stenet,English
Stenger,"Danish,German"
Stephanidis,Greek
Stephens,English
Stephenson,English
Sterling,Scottish
Stern,English
Sternberg,German
Steube,German
Steuben,German
Stevens,English
Stevenson,English
Stewart,Scottish
Stidolph,English
Stieber,German
Stigsson,Swedish
Stilo,Italian
Stirling,Scottish
Stjepanić,Croatian
Stoddard,English
Stojanović,"Croatian,Serbian"
Stolarz,"Jewish,Polish"
Stone,English
Stoppelbein,German
Storstrand,Norwegian
Stoyanov,Bulgarian
Strand,"Danish,German,Norwegian,Swedish"
Strange,English
Straub,German
Street,English
Strickland,English
Stringer,English
Strnad,"Czech,Slovak,Slovene"
Strobel,German
Strohkirch,German
Stroman,German
Stroud,"English,Scottish"
Strudwick,"English,Scottish"
Struna,Slovene
Stuart,Scottish
Stuber,German
Studwick,"English,Scottish"
Stueck,"German,Jewish"
Stumpf,German
Sturm,German
Styles,English
Stárek,Czech
Suchý,Czech
Sudworth,English
Suero,Spanish
Suess,"German,Jewish"
Suggitt,English
Sullivan,Irish
Sultan,Arabic
Sultana,"Bengali,Maltese,Urdu"
Sulzbach,German
Summerfield,English
Summers,English
Sumner,English
Sun,Chinese
Sundén,Swedish
Sung,Chinese
Sutherland,Scottish
Sutton,English
Suzuki,Japanese
Suárez,Spanish
Svendsen,"Danish,Norwegian"
Svenson,Swedish
Svensson,Swedish
Svoboda,Czech
Svéd,Hungarian
Swango,German
Sweet,English
Swenhaugen,Norwegian
Swindlehurst,English
Switzer,German
Sydney,English
Sykora,"Czech,Slovak"
Symons,English
Szabolcsi,Hungarian
Szabó,Hungarian
Szarka,Hungarian
Szarvas,Hungarian
Szczepanski,Polish
Szekeres,Hungarian
Szewc,Polish
Szombathy,Hungarian
Szwarc,Polish
Szweda,Polish
Szwedko,Polish
Szántó,Hungarian
Székely,Hungarian
Szép,Hungarian
Szûcs,Hungarian
Szőke,Hungarian
Sándor,Hungarian
Sárközi,Hungarian
Sárközy,Hungarian
Séverin,French
Sólyom,Hungarian
Sówka,Polish
Sörensen,Swedish
Sörensson,Swedish
Sörös,Hungarian
Sørensen,"Danish,Norwegian"
Tachibana,Japanese
Tafani,Italian
Taggart,"Irish,Scottish"
Tailler,French
Tailor,English
Takahashi,Japanese
Takala,Finnish
Takenaka,Japanese
Takács,Hungarian
Tamboia,Italian
Tamboli,"Indian,Marathi"
Tamàro,Italian
Tamás,Hungarian
Tan,Taiwanese
Tanaka,Japanese
Tang,Chinese
Tangeman,German
Tanner,English
Tanzer,German
Tanzi,Italian
Tapia,Spanish
Tar,Hungarian
Tarantino,Italian
Tarpinian,Armenian
Tarr,Hungarian
Tash,English
Tasker,English
Tasse,French
Tate,English
Tatham,English
Taube,German
Taverna,Italian
Tawfeek,Arabic
Taylor,English
Tchaikovsky,Russian
Teagan,Irish
Teague,"Cornish,Irish"
Tedesco,Italian
Teel,English
Teke,Turkish
Temitope,"Western,Yoruba"
Tennfjord,Norwegian
Tennison,English
Tennyson,English
Ter,Dutch
Terranova,Italian
Terrazas,Spanish
Terrell,English
Terry,English
Terzi,"Italian,Turkish"
Tesar,"Czech,Slovak"
Tesarik,"Czech,Slovak"
Tessaro,Italian
Testa,Italian
Teufel,German
Teunissen,Dutch
Thacker,English
Thatcher,English
Thayer,French
Theunissen,Dutch
Thibault,French
Tholberg,Dutch
Thomas,"English,French"
Thompsett,English
Thompson,English
Thomson,English
Thorburn,"English,Scottish"
Thorley,English
Thorn,"Danish,English"
Thorne,English
Thornton,English
Thorpe,English
Thorsen,Danish
Thrussell,English
Thurstan,English
Thwaite,English
Tiedeman,Low
Tierney,Irish
Tifft,"English,German"
Tighe,Irish
Tilki,Turkish
Tillens,"Dutch,Flemish,German"
Timberlake,English
Tindall,English
Tinker,English
Tipton,English
Tiraboschi,Italian
Tirrell,English
Tiryaki,Turkish
Tisza,Hungarian
Tittensor,"English,Welsh"
Tivoli,Italian
Tjäder,Swedish
Tobias,"English,French,German,Jewish"
Tobin,English
Tod,English
Todaro,Italian
Todd,English
Todorov,Bulgarian
Toft,English
Toivonen,Finnish
Tolbert,"English,French"
Toledano,Jewish
Tolkien,German
Tollemache,English
Toller,English
Toloni,Italian
Tolvaj,Hungarian
Tomasson,Swedish
Tomov,Bulgarian
Tomàs,Catalan
Tomčić,Croatian
Tomčič,Slovene
Toole,Irish
Toov,Norwegian
Tordai,Hungarian
Tornincasa,Italian
Torosian,Armenian
Torres,"Portuguese,Spanish"
Tos,Spanish
Tosell,Catalan
Toselli,Italian
Toset,Catalan
Tosetti,Italian
Tosi,Italian
Tosto,Italian
Towner,English
Townsend,English
Tracey,"English,Irish"
Tracy,"English,Irish"
Tran,Vietnamese
Trapani,Italian
Trask,"English,Scottish"
Traver,French
Travere,French
Travers,"English,French"
Traversa,Italian
Traverse,French
Traversi,Italian
Traversini,Italian
Traverso,Italian
Travert,French
Traves,English
Travieso,Spanish
Travis,English
Traviss,English
Traylor,English
Treacy,Irish
Treloar,English
Tremblay,French
Tremble,French
Trengove,English
Trent,English
Tresler,German
Trevis,English
Trevor,Welsh
Trifonov,Bulgarian
Triggs,English
Tritten,German
Troelsen,Danish
Trucco,Italian
Trudu,Italian
Trueman,English
Trujillo,Spanish
Truman,English
Trumbauer,German
Trần,Vietnamese
Tschida,German
Tsukuda,Japanese
Tsvetanov,Bulgarian
Tsvetkov,Bulgarian
Tucker,English
Tuff,English
Tuft,English
Tumicelli,Italian
Tunison,Dutch
Tupper,English
Turati,Italian
Turchi,Italian
Turnbull,"English,Scottish"
Turner,English
Tyler,English
Tyrell,English
Tyrrell,English
Tyson,English
Tähtinen,Finnish
Tímár,Hungarian
Tómasson,Icelandic
Tót,Hungarian
Tóth,Hungarian
Török,Hungarian
Uberti,Italian
Ubina,Spanish
Uccello,Italian
Ueda,Japanese
Ueno,Japanese
Uggeri,Italian
Ughi,Italian
Ulfsson,Swedish
Underhill,English
Underwood,"English,Scottish"
Ungaretti,Italian
Ungaro,Italian
Ungur,Romanian
Unkle,German
Unruh,German
Unterbrink,German
Upton,English
Urbina,Spanish
Ureña,Spanish
Urquhart,Scottish
Ursler,German
Utkin,Russian
Uzun,Turkish
Vacca,Italian
Vaccaro,Italian
Vacek,Czech
Vacík,Czech
Vadas,Hungarian
Valdez,Spanish
Valencia,Spanish
Valenta,Czech
Valenti,Italian
Valentini,Italian
Valentinov,Bulgarian
Valeriev,Bulgarian
Valerio,Italian
Van,"Dutch,English,Flemish,Frisian,German"
Vance,English
Vanchev,Bulgarian
Vancura,Czech
Vandale,Dutch
Vandroogenbroeck,Flemish
Vanek,Czech
Vanev,Bulgarian
Vang,"Danish,Norwegian,Yiddish"
Vanhanen,Finnish
Vankov,Bulgarian
Vann,"Dutch,English,German"
Vantchev,Bulgarian
Varano,Italian
Varela,Spanish
Varga,Hungarian
Vargas,"Portuguese,Spanish"
Vargha,Hungarian
Varley,English
Varnham,English
Vartanian,Armenian
Vasile,Romanian
Vasilescu,Romanian
Vasilev,"Bulgarian,Russian"
Vasilyev,Russian
Vass,Hungarian
Vastag,Hungarian
Vastagh,Hungarian
Vasylyk,Ukrainian
Vasylyshyn,Ukrainian
Vaughan,Welsh
Vaughn,Welsh
Vavra,Czech
Vašek,Czech
Vega,Spanish
Vela,Spanish
Velazquez,Spanish
Velichkov,Bulgarian
Velitchkov,Bulgarian
Vemulakonda,"Indian,Telugu"
Vencel,Hungarian
Venczel,Hungarian
Venner,Dutch
Ventimiglia,Italian
Ventura,"Catalan,Italian,Portuguese,Spanish"
Venäläinen,Finnish
Verboom,Dutch
Veres,Hungarian
Vergoossen,Dutch
Verhoeven,Dutch
Verity,English
Vermeulen,Flemish
Vernersen,Danish
Vernon,English
Verona,Italian
Veronesi,Italian
Ververs,Dutch
Vervloet,Flemish
Vescovi,Italian
Vesela,Czech
Vesely,Czech
Vespa,Italian
Vestri,Italian
Vicario,"Italian,Spanish"
Vico,Italian
Victor,"English,French"
Victore,English
Victors,"English,French"
Victorson,Swedish
Victorsson,Swedish
Vida,Hungarian
Vieth,German
Vigo,Italian
Viktorov,Bulgarian
Vilaró,Catalan
Vilhjálmsson,Icelandic
Villa,"Italian,Spanish"
Villalobos,Spanish
Villanueva,Spanish
Villaverde,Spanish
Villeneuve,French
Vincent,"English,French,Irish"
Vinci,Italian
Vincze,Hungarian
Vinković,Croatian
Vinogradov,Russian
Vinter,"Danish,Norwegian,Swedish"
Viola,"Italian,Spanish"
Vipond,"English,French"
Virgo,English
Virtanen,Finnish
Virág,Hungarian
Visscher,Dutch
Vitali,Italian
Viteri,"Basque,Italian,Spanish"
Vivas,Catalan
Vives,"Catalan,Spanish"
Vladimirescu,Romanian
Vlahović,"Croatian,Serbian"
Vlasák,Czech
Vlašić,Croatian
Vlašič,Slovene
Vlček,Czech
Voclain,French
Vodenicharov,Bulgarian
Vogel,German
Vogels,Dutch
Vogt,German
Vogts,German
Voigt,German
Voigts,German
Volk,German
Volkov,Russian
Voll,"German,Norwegian"
Vollan,Norwegian
Voltolini,Italian
Von,German
Vonnegut,German
Voronin,Russian
Voss,Low
Vossen,Dutch
Voß,German
Vroom,"Dutch,Flemish"
Vroomen,"Dutch,Flemish"
Vrubel,Czech
Vukoja,Croatian
Vuković,"Croatian,Serbian"
Vámos,Hungarian
Vásquez,Spanish
Vázquez,Spanish
Vãduva,Romanian
Vång,Swedish
Vörös,Hungarian
Văn,Vietnamese
Wade,English
Wagner,German
Wahner,German
Wakefield,English
Waldfogel,Jewish
Waldroup,English
Waldvogel,Jewish
Walentowicz,Polish
Walkenhorst,German
Walker,English
Wallace,"English,Irish,Scottish"
Wallach,Yiddish
Waller,English
Wallis,"English,Scottish"
Walmsley,English
Walsh,"English,Irish"
Walter,"English,German"
Walters,English
Walterson,English
Waltersson,Swedish
Walther,German
Walton,English
Waltz,German
Wang,"Chinese,Danish,Dutch,German,Norwegian,Swedish,Yiddish"
Ward,"English,Irish"
Wardrobe,English
Ware,English
Warner,"English,German"
Warren,English
Warrick,English
Warshawsky,Jewish
Warszawski,"Jewish,Polish"
Warwick,English
Wash,English
Washington,English
Watanabe,Japanese
Waterman,"Dutch,English"
Waters,English
Watkins,English
Watson,"English,Scottish"
Watt,English
Watts,English
Wauters,Dutch
Wawrzaszek,Polish
Waxweiler,German
Way,English
Wayne,English
Weaver,English
Webb,English
Weber,German
Webster,English
Wechsler,"German,Jewish"
Wedekind,German
Weeber,German
Weekes,English
Wegener,Low
Wegner,Low
Wehner,German
Wehnert,German
Wehunt,German
Weigand,German
Weimann,German
Weiner,German
Weiss,German
Weiß,German
Welch,English
Wells,English
Welter,German
Wembley,English
Wen,Chinese
Wendel,German
Wendell,German
Werner,German
Wernher,German
Wescott,English
Wesley,English
West,"English,German"
Westbrook,English
Westcott,English
Westenberg,Dutch
Westerberg,Swedish
Westley,English
Wetzel,German
Wexler,Jewish
Whalen,Irish
Wheeler,English
Wheelock,English
Whelan,Irish
Whinery,English
Whitaker,English
White,English
Whitney,English
Whittemore,English
Whittle,English
Wiater,Polish
Wickham,English
Wieck,German
Wiegand,German
Wilbur,English
Wilcox,English
Wildgrube,German
Wilkerson,English
Wilkie,English
Wilkins,English
Wilkinson,English
Willard,English
Willems,Dutch
Willemse,Dutch
Willemsen,Dutch
William,English
Williams,English
Williamson,English
Willis,English
Willoughby,English
Wilmer,English
Wilms,Dutch
Wilson,English
Wilton,English
Winchester,English
Winfield,English
Winograd,Jewish
Winogrodzki,Polish
Winship,English
Winslow,English
Winston,English
Winter,"English,German,Swedish"
Winterbottom,English
Winther,"Danish,Swedish"
Winthrop,English
Winton,English
Wirner,German
Wirnhier,German
Wirt,German
Wirth,"German,Jewish"
Witherspoon,English
Wojda,Polish
Wojewoda,Polish
Wojewódka,Polish
Wojewódzki,Polish
Wolanski,Polish
Wolf,"English,German"
Wolfe,English
Wolff,"Danish,German,Jewish,Norwegian"
Wolter,German
Wolters,Dutch
Womack,English
Wong,Chinese
Wood,"English,Scottish"
Woodcock,English
Woodham,English
Woodhams,English
Woodrow,English
Woods,"English,Scottish"
Woodward,English
Wootton,English
Wortham,English
Wouters,Dutch
Wragge,English
Wray,English
Wright,English
Wrona,Polish
Wronski,Polish
Wruck,German
Wu,Chinese
Wuopio,Swedish
Wyatt,English
Wyman,English
Wyndham,English
Wynne,English
Wyrick,Polish
Wyrzyk,Polish
Wyrzykowski,Polish
Wägner,German
Wähner,German
Wörner,German
Wörnhör,German
Xanthopoulos,Greek
Xu,Chinese
Xun,Chinese
Xylander,German
Yakovlev,Russian
Yamada,Japanese
Yamaguchi,Japanese
Yamamoto,Japanese
Yamasaki,Japanese
Yamashita,Japanese
Yamauchi,Japanese
Yamazaki,Japanese
Yancy,Dutch
Yanev,Bulgarian
Yang,Chinese
Yankov,Bulgarian
Yap,English
Yates,English
Ybarra,"Basque,Spanish"
Yeung,Chinese
Yi,Korean
Yilmaz,Turkish
Yong,English
Yonker,Dutch
Yonkers,Dutch
Yordanov,Bulgarian
York,English
Yoshida,Japanese
Young,English
Younge,English
Yount,German
Yoxall,English
Yu,Chinese
Yuen,Chinese
Yukimura,Japanese
Zaal,Dutch
Zabala,Basque
Zahariev,Bulgarian
Zahradnik,Czech
Zaman,"Arabic,Urdu"
Zambrano,Basque
Zamorano,Spanish
Zanetti,Italian
Zangari,Italian
Zapatero,Spanish
Zappa,Italian
Zavala,Spanish
Zawisza,Polish
Zdravkov,Bulgarian
Zdunowski,Polish
Zeegers,Dutch
Zeelen,Dutch
Zegers,Dutch
Zelenka,Czech
Zelenko,Ukrainian
Zellweger,German
Zeman,Czech
Zeni,Italian
Zentai,Hungarian
Zhang,Chinese
Zhao,Chinese
Zheng,Chinese
Zhivkov,Bulgarian
Zhou,Chinese
Zhu,Chinese
Zieliński,Polish
Ziemniak,Polish
Zientek,Polish
Zilberschlag,Jewish
Zima,"Czech,Polish,Russian,Slovak,Ukrainian"
Zimman,Jewish
Zimmerman,German
Zimmermann,"German,Jewish"
Zingel,Jewish
Zini,Italian
Zino,Italian
Ziętek,Polish
Zlatkov,Bulgarian
Zoltánfi,Hungarian
Zorić,"Croatian,Serbian"
Zsoldos,Hungarian
Zubizarreta,Spanish
Zuiderduin,Dutch
Zunino,Italian
Zupan,Slovene
Zuñiga,Basque
Ząbek,Polish
Ádám,Hungarian
Álvarez,Spanish
Ármannsson,Icelandic
Åkerman,Swedish
Årud,Norwegian
Émile,French
Ó,Irish
Öman,Swedish
Östberg,"Jewish,Swedish"
Øster,Danish
Østergaard,Danish
Østergård,Danish
Þórirsson,Icelandic
Čech,Czech
Čermák,Czech
Černík,Czech
Černý,Czech
Červenka,Czech
Červeny,Czech
Čiernik,Slovak
Čtvrtník,Czech
Čížek,Czech
Čížik,Slovak
Řezník,"Czech,Slovak"
Řezníček,Czech
Ślusarczyk,Polish
Ślusarski,Polish
Ślązak,Polish
Šimek,Czech
Štěpánek,Czech
Żuraw,Polish
Žitnik,"Czech,Slovene"
Živković,"Croatian,Serbian"
Župan,Croatian
Șerban,Romanian
